insert into Customers (customerId, first_name, last_name, accumulatedPoints, usedPoints, beginMonth) values (1, 'Garry', 'Woodall', 648, 918, 11);
insert into Customers (customerId, first_name, last_name, accumulatedPoints, usedPoints, beginMonth) values (2, 'Giorgio', 'Varvell', 148, 912, 2);
insert into Customers (customerId, first_name, last_name, accumulatedPoints, usedPoints, beginMonth) values (3, 'Florida', 'Schmuhl', 219, 671, 1);
insert into Customers (customerId, first_name, last_name, accumulatedPoints, usedPoints, beginMonth) values (4, 'Maryann', 'Stoddart', 389, 654, 3);
insert into Customers (customerId, first_name, last_name, accumulatedPoints, usedPoints, beginMonth) values (5, 'Kaine', 'Barenskie', 182, 591, 12);
insert into Customers (customerId, first_name, last_name, accumulatedPoints, usedPoints, beginMonth) values (6, 'Lorettalorna', 'DelaField', 690, 604, 8);
insert into Customers (customerId, first_name, last_name, accumulatedPoints, usedPoints, beginMonth) values (7, 'Vance', 'Band', 974, 176, 10);
insert into Customers (customerId, first_name, last_name, accumulatedPoints, usedPoints, beginMonth) values (8, 'Molli', 'Barkly', 25, 704, 1);
insert into Customers (customerId, first_name, last_name, accumulatedPoints, usedPoints, beginMonth) values (9, 'Cassy', 'Letteresse', 452, 655, 8);
insert into Customers (customerId, first_name, last_name, accumulatedPoints, usedPoints, beginMonth) values (10, 'Gertie', 'Courson', 593, 458, 8);
insert into Customers (customerId, first_name, last_name, accumulatedPoints, usedPoints, beginMonth) values (11, 'Linzy', 'Maiden', 764, 656, 4);
insert into Customers (customerId, first_name, last_name, accumulatedPoints, usedPoints, beginMonth) values (12, 'Eziechiele', 'Trevallion', 425, 731, 2);
insert into Customers (customerId, first_name, last_name, accumulatedPoints, usedPoints, beginMonth) values (13, 'Jasen', 'Schimon', 410, 314, 11);
insert into Customers (customerId, first_name, last_name, accumulatedPoints, usedPoints, beginMonth) values (14, 'Gabbey', 'Dury', 587, 776, 5);
insert into Customers (customerId, first_name, last_name, accumulatedPoints, usedPoints, beginMonth) values (15, 'Lilian', 'McAdam', 288, 793, 1);
insert into Customers (customerId, first_name, last_name, accumulatedPoints, usedPoints, beginMonth) values (16, 'Cyrus', 'Scherer', 901, 317, 11);
insert into Customers (customerId, first_name, last_name, accumulatedPoints, usedPoints, beginMonth) values (17, 'Leland', 'Juszczak', 927, 512, 6);
insert into Customers (customerId, first_name, last_name, accumulatedPoints, usedPoints, beginMonth) values (18, 'Trever', 'Meadmore', 310, 361, 4);
insert into Customers (customerId, first_name, last_name, accumulatedPoints, usedPoints, beginMonth) values (19, 'Dene', 'Milliere', 501, 995, 10);
insert into Customers (customerId, first_name, last_name, accumulatedPoints, usedPoints, beginMonth) values (20, 'Alaric', 'Gulc', 911, 55, 3);
insert into Customers (customerId, first_name, last_name, accumulatedPoints, usedPoints, beginMonth) values (21, 'Yevette', 'Lydford', 763, 207, 4);
insert into Customers (customerId, first_name, last_name, accumulatedPoints, usedPoints, beginMonth) values (22, 'Noak', 'Gumery', 870, 51, 3);
insert into Customers (customerId, first_name, last_name, accumulatedPoints, usedPoints, beginMonth) values (23, 'Welch', 'Draysay', 617, 646, 8);
insert into Customers (customerId, first_name, last_name, accumulatedPoints, usedPoints, beginMonth) values (24, 'Myrle', 'Kilalea', 472, 933, 12);
insert into Customers (customerId, first_name, last_name, accumulatedPoints, usedPoints, beginMonth) values (25, 'Martie', 'Lortzing', 476, 213, 8);
insert into Customers (customerId, first_name, last_name, accumulatedPoints, usedPoints, beginMonth) values (26, 'Cecil', 'Load', 989, 372, 8);
insert into Customers (customerId, first_name, last_name, accumulatedPoints, usedPoints, beginMonth) values (27, 'Ermanno', 'Kincaid', 891, 756, 5);
insert into Customers (customerId, first_name, last_name, accumulatedPoints, usedPoints, beginMonth) values (28, 'Fredelia', 'Buse', 636, 125, 8);
insert into Customers (customerId, first_name, last_name, accumulatedPoints, usedPoints, beginMonth) values (29, 'Andonis', 'Partrick', 284, 331, 1);
insert into Customers (customerId, first_name, last_name, accumulatedPoints, usedPoints, beginMonth) values (30, 'Moishe', 'Bray', 748, 436, 5);

insert into Employees (employeeId, employmentType, totalMonthlySalary, name) values (1, "manager", 3500, "Aria");
insert into Employees (employeeId, employmentType, totalMonthlySalary, name) values (2, "fullRider", 1841, "Jack");
insert into Employees (employeeId, employmentType, totalMonthlySalary, name) values (3, "partRider", 500, "Leon");
insert into Employees (employeeId, employmentType, totalMonthlySalary, name) values (4, "manager", 3500, "Samuel");
insert into Employees (employeeId, employmentType, totalMonthlySalary, name) values (5, "fullRider", 1993, "Joseph");
insert into Employees (employeeId, employmentType, totalMonthlySalary, name) values (6, "partRider", 375, "Zachary");
insert into Employees (employeeId, employmentType, totalMonthlySalary, name) values (7, "manager", 3500, "Dylan");
insert into Employees (employeeId, employmentType, totalMonthlySalary, name) values (8, "fullRider", 1896, "Lewis");
insert into Employees (employeeId, employmentType, totalMonthlySalary, name) values (9, "partRider", 450, "Kieran");
insert into Employees (employeeId, employmentType, totalMonthlySalary, name) values (10, "manager", 3500, "Alex");
insert into Employees (employeeId, employmentType, totalMonthlySalary, name) values (11, "fullRider", 1851, "Ethan");
insert into Employees (employeeId, employmentType, totalMonthlySalary, name) values (12, "partRider", 650, "Bailey");
insert into Employees (employeeId, employmentType, totalMonthlySalary, name) values (13, "manager", 3500, "Isaac");
insert into Employees (employeeId, employmentType, totalMonthlySalary, name) values (14, "fullRider", 1838, "Ryan");
insert into Employees (employeeId, employmentType, totalMonthlySalary, name) values (15, "partRider", 360, "Sam");
insert into Employees (employeeId, employmentType, totalMonthlySalary, name) values (16, "manager", 3500, "Aaron");
insert into Employees (employeeId, employmentType, totalMonthlySalary, name) values (17, "fullRider", 1891, "Oscar");
insert into Employees (employeeId, employmentType, totalMonthlySalary, name) values (18, "partRider", 460, "Taylor");
insert into Employees (employeeId, employmentType, totalMonthlySalary, name) values (19, "manager", 3500, "Kai");
insert into Employees (employeeId, employmentType, totalMonthlySalary, name) values (20, "fullRider", 1809, "Archie");
insert into Employees (employeeId, employmentType, totalMonthlySalary, name) values (21, "partRider", 595, "Kian");
insert into Employees (employeeId, employmentType, totalMonthlySalary, name) values (22, "manager", 3500, "Ashton");
insert into Employees (employeeId, employmentType, totalMonthlySalary, name) values (23, "fullRider", 2098, "Callum");
insert into Employees (employeeId, employmentType, totalMonthlySalary, name) values (24, "partRider", 275, "Elliot");
insert into Employees (employeeId, employmentType, totalMonthlySalary, name) values (25, "partRider", 665, "Blake");
insert into Employees (employeeId, employmentType, totalMonthlySalary, name) values (26, "fullRider", 1866, "Luke");
insert into Employees (employeeId, employmentType, totalMonthlySalary, name) values (27, "partRider", 690, "Ewan");
insert into Employees (employeeId, employmentType, totalMonthlySalary, name) values (28, "fullRider", 1990, "Jay");
insert into Employees (employeeId, employmentType, totalMonthlySalary, name) values (29, "fullRider", 1970, "Connor");
insert into Employees (employeeId, employmentType, totalMonthlySalary, name) values (30, "partRider", 800, "Sean");

insert into Restaurant (restaurantId, area, name, minSpendingAmt) values (1, 'North', 'Burgils');
insert into Restaurant (restaurantId, area, name, minSpendingAmt) values (2, 'North', 'Spago');
insert into Restaurant (restaurantId, area, name, minSpendingAmt) values (3, 'North', 'Maxican Grills', 10);
insert into Restaurant (restaurantId, area, name, minSpendingAmt) values (4, 'North', 'The Gourmet Kitchen', 10);
insert into Restaurant (restaurantId, area, name, minSpendingAmt) values (5, 'North', 'Pink Sugar', 10);
insert into Restaurant (restaurantId, area, name, minSpendingAmt) values (6, 'North', 'Lord Of Fries', 10);
insert into Restaurant (restaurantId, area, name, minSpendingAmt) values (7, 'North', 'Thai Me Up Restaurant', 10);
insert into Restaurant (restaurantId, area, name, minSpendingAmt) values (8, 'North', 'Pho Shizzle', 10);
insert into Restaurant (restaurantId, area, name, minSpendingAmt) values (9, 'North', 'Ninja Akasaka', 10);
insert into Restaurant (restaurantId, area, name, minSpendingAmt) values (10, 'South', 'Chill Out', 10);
insert into Restaurant (restaurantId, area, name, minSpendingAmt) values (11, 'South', 'The Lockhart', 10);
insert into Restaurant (restaurantId, area, name, minSpendingAmt) values (12, 'South', 'Garden of Eat', 10);
insert into Restaurant (restaurantId, area, name, minSpendingAmt) values (13, 'South', 'Pies n Tighs', 10);
insert into Restaurant (restaurantId, area, name, minSpendingAmt) values (14, 'South', 'Dough Doughnuts', 10);
insert into Restaurant (restaurantId, area, name, minSpendingAmt) values (15, 'South', 'Pita Pans', 10);
insert into Restaurant (restaurantId, area, name, minSpendingAmt) values (16, 'South', 'Pot Au Feu', 10);
insert into Restaurant (restaurantId, area, name, minSpendingAmt) values (17, 'South', 'Duke Seafood', 10);
insert into Restaurant (restaurantId, area, name, minSpendingAmt) values (18, 'South', 'The French Gourmet', 10);
insert into Restaurant (restaurantId, area, name, minSpendingAmt) values (19, 'East', 'Little Pleasures', 10);
insert into Restaurant (restaurantId, area, name, minSpendingAmt) values (20, 'East', 'Planet O The Crepes', 10);
insert into Restaurant (restaurantId, area, name, minSpendingAmt) values (21, 'East', 'The Daily Cut', 10);
insert into Restaurant (restaurantId, area, name, minSpendingAmt) values (22, 'East', 'Wish You Were Beer', 10);
insert into Restaurant (restaurantId, area, name, minSpendingAmt) values (23, 'East', 'Burger & Beer Joint', 10);
insert into Restaurant (restaurantId, area, name, minSpendingAmt) values (24, 'East', 'Daily Grill', 10);
insert into Restaurant (restaurantId, area, name, minSpendingAmt) values (25, 'East', 'Hot & Crusty', 10);
insert into Restaurant (restaurantId, area, name, minSpendingAmt) values (26, 'West', 'The Deck', 10);
insert into Restaurant (restaurantId, area, name, minSpendingAmt) values (27, 'West', 'Waterbar Restaurant', 10);
insert into Restaurant (restaurantId, area, name, minSpendingAmt) values (28, 'West', 'Brewed Awakening', 10);
insert into Restaurant (restaurantId, area, name, minSpendingAmt) values (29, 'West', 'Mamas Fish House', 10);
insert into Restaurant (restaurantId, area, name, minSpendingAmt) values (30, 'West', 'The Egg & Us', 10);

insert into Promotions (promoId, startDate, endDate, discountPerc, discountAmt, minimumAmtSpent) values (1, '2020-04-01', '2020-04-10', 20, 100);
insert into Promotions (promoId, startDate, endDate, discountPerc, discountAmt, minimumAmtSpent) values (2, '2020-05-01', '2020-05-20', 25, 100);
insert into Promotions (promoId, startDate, endDate, discountPerc, discountAmt, minimumAmtSpent) values (3, '2020-05-21', '2020-05-31', 10, 100);
insert into Promotions (promoId, startDate, endDate, discountPerc, discountAmt, minimumAmtSpent) values (4, '2020-06-01', '2020-08-01', 5, 100);
insert into Promotions (promoId, startDate, endDate, discountPerc, discountAmt, minimumAmtSpent) values (5, '2020-08-02', '2020-08-31', 15, 100);
insert into Promotions (promoId, startDate, endDate, discountPerc, discountAmt, minimumAmtSpent) values (6, '2020-08-09', '2020-08-09', 30, 100);
insert into Promotions (promoId, startDate, endDate, discountPerc, discountAmt, minimumAmtSpent) values (7, '2020-09-01', '2020-09-15', 35, 100, 10);
insert into Promotions (promoId, startDate, endDate, discountPerc, discountAmt, minimumAmtSpent) values (8, '2020-09-16', '2020-10-05', 3, 100, 10);
insert into Promotions (promoId, startDate, endDate, discountPerc, discountAmt, minimumAmtSpent) values (9, '2020-10-25', '2020-10-25', 12, 100, 10);
insert into Promotions (promoId, startDate, endDate, discountPerc, discountAmt, minimumAmtSpent) values (10, '2020-11-01', '2020-11-08', 2, 100, 10);
insert into Promotions (promoId, startDate, endDate, discountPerc, discountAmt, minimumAmtSpent) values (11, '2020-12-25', '2020-12-25', 20, 100, 20);
insert into Promotions (promoId, startDate, endDate, discountPerc, discountAmt, minimumAmtSpent) values (12, '2020-12-24', '2020-12-24', 15, 100, 20);
insert into Promotions (promoId, startDate, endDate, discountPerc, discountAmt, minimumAmtSpent) values (13, '2021-01-01', '2021-01-01', 35, 100, 5);
insert into Promotions (promoId, startDate, endDate, discountPerc, discountAmt, minimumAmtSpent) values (14, '2020-12-31', '2020-12-31', 30, 100, 5);
insert into Promotions (promoId, startDate, endDate, discountPerc, discountAmt, minimumAmtSpent) values (15, '2021-01-01', '2020-01-31', 5, 100, 15);
insert into Promotions (promoId, startDate, endDate, discountPerc, discountAmt, minimumAmtSpent) values (16, '2021-04-01', '2021-05-01', 10, 100, 10);
insert into Promotions (promoId, startDate, endDate, discountPerc, discountAmt, minimumAmtSpent) values (17, '2021-05-20', '2021-05-31', 12, 100, 10);
insert into Promotions (promoId, startDate, endDate, discountPerc, discountAmt, minimumAmtSpent) values (18, '2021-06-10', '2021-06-15', 25, 100, 5);
insert into Promotions (promoId, startDate, endDate, discountPerc, discountAmt, minimumAmtSpent) values (19, '2021-07-05', '2020-07-10', 30, 100, 5);
insert into Promotions (promoId, startDate, endDate, discountPerc, discountAmt, minimumAmtSpent) values (20, '2021-07-31', '2021-08-10', 10, 100, 5);
insert into Promotions (promoId, startDate, endDate, discountPerc, discountAmt, minimumAmtSpent) values (21, '2021-09-01', '2021-09-10', 15, 100, 12);
insert into Promotions (promoId, startDate, endDate, discountPerc, discountAmt, minimumAmtSpent) values (22, '2021-10-01', '2021-10-01', 20, 100, 30);
insert into Promotions (promoId, startDate, endDate, discountPerc, discountAmt, minimumAmtSpent) values (23, '2021-10-22', '2021-10-25', 5, 100, 35);
insert into Promotions (promoId, startDate, endDate, discountPerc, discountAmt, minimumAmtSpent) values (24, '2021-11-01', '2020-11-06', 10, 100, 20);
insert into Promotions (promoId, startDate, endDate, discountPerc, discountAmt, minimumAmtSpent) values (25, '2021-03-01', '2021-04-01', 50, 100, 25);
insert into Promotions (promoId, startDate, endDate, discountPerc, discountAmt, minimumAmtSpent) values (26, '2021-04-04', '2021-04-04', 25, 100, 15);
insert into Promotions (promoId, startDate, endDate, discountPerc, discountAmt, minimumAmtSpent) values (27, '2021-12-22', '2021-12-25', 10, 100, 5);
insert into Promotions (promoId, startDate, endDate, discountPerc, discountAmt, minimumAmtSpent) values (28, '2022-01-01', '2020-05-01', 25, 100, 30);
insert into Promotions (promoId, startDate, endDate, discountPerc, discountAmt, minimumAmtSpent) values (29, '2022-05-31', '2020-06-01', 15, 100);
insert into Promotions (promoId, startDate, endDate, discountPerc, discountAmt, minimumAmtSpent) values (30, '2022-10-01', '2022-11-01', 20, 100);

insert into CreditCards (customerId, cardNumber) values (1, '5027-8511-0125-0172');
insert into CreditCards (customerId, cardNumber) values (2, '3060-0247-7129-9758');
insert into CreditCards (customerId, cardNumber) values (3, '5818-8235-6693-8956');
insert into CreditCards (customerId, cardNumber) values (4, '4777-1992-3468-6461');
insert into CreditCards (customerId, cardNumber) values (5, '1131-2567-7065-4352');
insert into CreditCards (customerId, cardNumber) values (6, '1454-5038-8196-0400');
insert into CreditCards (customerId, cardNumber) values (7, '8275-1032-2759-0323');
insert into CreditCards (customerId, cardNumber) values (8, '8052-4581-1721-8337');
insert into CreditCards (customerId, cardNumber) values (9, '3514-9514-4207-8204');
insert into CreditCards (customerId, cardNumber) values (10, '2050-8870-1428-2179');
insert into CreditCards (customerId, cardNumber) values (11, '5114-1403-6008-4263');
insert into CreditCards (customerId, cardNumber) values (12, '5618-5831-9278-9948');
insert into CreditCards (customerId, cardNumber) values (13, '8942-8000-6352-2751');
insert into CreditCards (customerId, cardNumber) values (14, '2265-4261-4239-4167');
insert into CreditCards (customerId, cardNumber) values (15, '3028-9245-7591-7563');
insert into CreditCards (customerId, cardNumber) values (16, '6356-1710-8106-8847');
insert into CreditCards (customerId, cardNumber) values (17, '1761-7305-3488-2350');
insert into CreditCards (customerId, cardNumber) values (18, '5731-5225-6848-2132');
insert into CreditCards (customerId, cardNumber) values (19, '3127-7224-5973-9494');
insert into CreditCards (customerId, cardNumber) values (20, '6782-3648-7057-2840');
insert into CreditCards (customerId, cardNumber) values (21, '2849-3203-3405-1466');
insert into CreditCards (customerId, cardNumber) values (22, '3599-8399-2110-2965');
insert into CreditCards (customerId, cardNumber) values (23, '4894-0946-1959-8201');
insert into CreditCards (customerId, cardNumber) values (24, '7920-5512-3567-9923');
insert into CreditCards (customerId, cardNumber) values (25, '1448-3093-6095-0219');
insert into CreditCards (customerId, cardNumber) values (26, '4789-5944-9866-1736');
insert into CreditCards (customerId, cardNumber) values (27, '2762-7612-3464-9878');
insert into CreditCards (customerId, cardNumber) values (28, '2734-5992-0004-7836');
insert into CreditCards (customerId, cardNumber) values (29, '9589-7147-6482-2157');
insert into CreditCards (customerId, cardNumber) values (30, '8396-7129-5984-5339');

insert into Shifts (shiftNum) values (1);
insert into Shifts (shiftNum) values (2);
insert into Shifts (shiftNum) values (3);
insert into Shifts (shiftNum) values (4);

insert into FdsManagers (managerId) values (1);
insert into FdsManagers (managerId) values (4);
insert into FdsManagers (managerId) values (7);
insert into FdsManagers (managerId) values (10);
insert into FdsManagers (managerId) values (13);
insert into FdsManagers (managerId) values (16);
insert into FdsManagers (managerId) values (19);
insert into FdsManagers (managerId) values (22);

insert into DeliveryRiders (riderId, deliveryFee) values (2, 5);
insert into DeliveryRiders (riderId, deliveryFee) values (3, 5);
insert into DeliveryRiders (riderId, deliveryFee) values (5, 5);
insert into DeliveryRiders (riderId, deliveryFee) values (6, 5);
insert into DeliveryRiders (riderId, deliveryFee) values (8, 5);
insert into DeliveryRiders (riderId, deliveryFee) values (9, 5);
insert into DeliveryRiders (riderId, deliveryFee) values (11, 5);
insert into DeliveryRiders (riderId, deliveryFee) values (12, 5);
insert into DeliveryRiders (riderId, deliveryFee) values (14, 5);
insert into DeliveryRiders (riderId, deliveryFee) values (15, 5);
insert into DeliveryRiders (riderId, deliveryFee) values (17, 5);
insert into DeliveryRiders (riderId, deliveryFee) values (18, 5);
insert into DeliveryRiders (riderId, deliveryFee) values (20, 5);
insert into DeliveryRiders (riderId, deliveryFee) values (21, 5);
insert into DeliveryRiders (riderId, deliveryFee) values (23, 5);
insert into DeliveryRiders (riderId, deliveryFee) values (24, 5);
insert into DeliveryRiders (riderId, deliveryFee) values (25, 5);
insert into DeliveryRiders (riderId, deliveryFee) values (26, 5);
insert into DeliveryRiders (riderId, deliveryFee) values (27, 5);
insert into DeliveryRiders (riderId, deliveryFee) values (28, 5);
insert into DeliveryRiders (riderId, deliveryFee) values (29, 5);
insert into DeliveryRiders (riderId, deliveryFee) values (30, 5);

insert into PartTimers (riderId, workday, startHour, endHour, weekNum, baseSalary) values (3, 1, 12, 13, 1, 100);
insert into PartTimers (riderId, workday, startHour, endHour, weekNum, baseSalary) values (3, 3, 6, 8, 1, 100);
insert into PartTimers (riderId, workday, startHour, endHour, weekNum, baseSalary) values (3, 3, 18, 22, 1, 100);
insert into PartTimers (riderId, workday, startHour, endHour, weekNum, baseSalary) values (3, 4, 8, 12, 1, 100);
insert into PartTimers (riderId, workday, startHour, endHour, weekNum, baseSalary) values (3, 5, 15, 19, 1, 100);
insert into PartTimers (riderId, workday, startHour, endHour, weekNum, baseSalary) values (3, 6, 6, 9, 1, 100);
insert into PartTimers (riderId, workday, startHour, endHour, weekNum, baseSalary) values (3, 7, 5, 9, 1, 100);
insert into PartTimers (riderId, workday, startHour, endHour, weekNum, baseSalary) values (3, 1, 8, 12, 2, 100);
insert into PartTimers (riderId, workday, startHour, endHour, weekNum, baseSalary) values (3, 1, 11, 15, 2, 100);
insert into PartTimers (riderId, workday, startHour, endHour, weekNum, baseSalary) values (3, 2, 8, 12, 2, 100);
insert into PartTimers (riderId, workday, startHour, endHour, weekNum, baseSalary) values (3, 3, 6, 10, 2, 100);
insert into PartTimers (riderId, workday, startHour, endHour, weekNum, baseSalary) values (3, 4, 7, 11, 2, 100);
insert into PartTimers (riderId, workday, startHour, endHour, weekNum, baseSalary) values (3, 4, 19, 22, 2, 100);
insert into PartTimers (riderId, workday, startHour, endHour, weekNum, baseSalary) values (3, 5, 10, 14, 2, 100);
insert into PartTimers (riderId, workday, startHour, endHour, weekNum, baseSalary) values (3, 6, 0, 4, 2, 100);
insert into PartTimers (riderId, workday, startHour, endHour, weekNum, baseSalary) values (3, 7, 20, 24, 2, 100);
insert into PartTimers (riderId, workday, startHour, endHour, weekNum, baseSalary) values (3, 1, 2, 6, 4, 100);
insert into PartTimers (riderId, workday, startHour, endHour, weekNum, baseSalary) values (3, 1, 14, 15, 4, 100);
insert into PartTimers (riderId, workday, startHour, endHour, weekNum, baseSalary) values (3, 2, 3, 7, 4, 100);
insert into PartTimers (riderId, workday, startHour, endHour, weekNum, baseSalary) values (3, 2, 8, 9, 4, 100);
insert into PartTimers (riderId, workday, startHour, endHour, weekNum, baseSalary) values (3, 3, 10, 14, 4, 100);
insert into PartTimers (riderId, workday, startHour, endHour, weekNum, baseSalary) values (3, 4, 0, 4, 4, 100);
insert into PartTimers (riderId, workday, startHour, endHour, weekNum, baseSalary) values (3, 4, 16, 20, 4, 100);
insert into PartTimers (riderId, workday, startHour, endHour, weekNum, baseSalary) values (3, 5, 6, 10, 4, 100);
insert into PartTimers (riderId, workday, startHour, endHour, weekNum, baseSalary) values (3, 6, 12, 16, 4, 100);
insert into PartTimers (riderId, workday, startHour, endHour, weekNum, baseSalary) values (3, 6, 17, 21, 4, 100);
insert into PartTimers (riderId, workday, startHour, endHour, weekNum, baseSalary) values (3, 7, 0, 4, 4, 100);
insert into PartTimers (riderId, workday, startHour, endHour, weekNum, baseSalary) values (3, 7, 11, 15, 4, 100);
insert into PartTimers (riderId, workday, startHour, endHour, weekNum, baseSalary) values (6, 1, 1, 5, 1, 100);
insert into PartTimers (riderId, workday, startHour, endHour, weekNum, baseSalary) values (6, 2, 9, 13, 1, 100);
insert into PartTimers (riderId, workday, startHour, endHour, weekNum, baseSalary) values (6, 2, 17, 21, 1, 100);
insert into PartTimers (riderId, workday, startHour, endHour, weekNum, baseSalary) values (6, 3, 11, 15, 1, 100);
insert into PartTimers (riderId, workday, startHour, endHour, weekNum, baseSalary) values (6, 3, 2, 6, 1, 100);
insert into PartTimers (riderId, workday, startHour, endHour, weekNum, baseSalary) values (6, 3, 19, 23, 1, 100);
insert into PartTimers (riderId, workday, startHour, endHour, weekNum, baseSalary) values (6, 5, 19, 23, 1, 100);
insert into PartTimers (riderId, workday, startHour, endHour, weekNum, baseSalary) values (6, 5, 11, 15, 1, 100);
insert into PartTimers (riderId, workday, startHour, endHour, weekNum, baseSalary) values (6, 6, 18, 22, 1, 100);
insert into PartTimers (riderId, workday, startHour, endHour, weekNum, baseSalary) values (6, 6, 3, 7, 1, 100);
insert into PartTimers (riderId, workday, startHour, endHour, weekNum, baseSalary) values (6, 7, 11, 15, 1, 100);
insert into PartTimers (riderId, workday, startHour, endHour, weekNum, baseSalary) values (6, 1, 0, 4, 2, 100);
insert into PartTimers (riderId, workday, startHour, endHour, weekNum, baseSalary) values (6, 1, 7, 11, 2, 100);
insert into PartTimers (riderId, workday, startHour, endHour, weekNum, baseSalary) values (6, 2, 5, 7, 2, 100);
insert into PartTimers (riderId, workday, startHour, endHour, weekNum, baseSalary) values (6, 4, 5, 9, 2, 100);
insert into PartTimers (riderId, workday, startHour, endHour, weekNum, baseSalary) values (6, 4, 16, 20, 2, 100);
insert into PartTimers (riderId, workday, startHour, endHour, weekNum, baseSalary) values (6, 5, 9, 11, 2, 100);
insert into PartTimers (riderId, workday, startHour, endHour, weekNum, baseSalary) values (6, 5, 4, 8, 2, 100);
insert into PartTimers (riderId, workday, startHour, endHour, weekNum, baseSalary) values (6, 6, 1, 5, 2, 100);
insert into PartTimers (riderId, workday, startHour, endHour, weekNum, baseSalary) values (6, 6, 19, 20, 2, 100);
insert into PartTimers (riderId, workday, startHour, endHour, weekNum, baseSalary) values (6, 6, 10, 14, 2, 100);
insert into PartTimers (riderId, workday, startHour, endHour, weekNum, baseSalary) values (6, 1, 14, 18, 3, 100);
insert into PartTimers (riderId, workday, startHour, endHour, weekNum, baseSalary) values (6, 2, 19, 23, 3, 100);
insert into PartTimers (riderId, workday, startHour, endHour, weekNum, baseSalary) values (6, 3, 5, 9, 3, 100);
insert into PartTimers (riderId, workday, startHour, endHour, weekNum, baseSalary) values (6, 3, 17, 21, 3, 100);
insert into PartTimers (riderId, workday, startHour, endHour, weekNum, baseSalary) values (6, 4, 12, 16, 3, 100);
insert into PartTimers (riderId, workday, startHour, endHour, weekNum, baseSalary) values (6, 5, 17, 21, 3, 100);
insert into PartTimers (riderId, workday, startHour, endHour, weekNum, baseSalary) values (6, 5, 6, 10, 3, 100);
insert into PartTimers (riderId, workday, startHour, endHour, weekNum, baseSalary) values (6, 6, 7, 11, 3, 100);
insert into PartTimers (riderId, workday, startHour, endHour, weekNum, baseSalary) values (6, 6, 15, 19, 3, 100);
insert into PartTimers (riderId, workday, startHour, endHour, weekNum, baseSalary) values (6, 7, 1, 5, 3, 100);
insert into PartTimers (riderId, workday, startHour, endHour, weekNum, baseSalary) values (6, 7, 16, 20, 3, 100);
insert into PartTimers (riderId, workday, startHour, endHour, weekNum, baseSalary) values (6, 7, 8, 12, 3, 100);
insert into PartTimers (riderId, workday, startHour, endHour, weekNum, baseSalary) values (6, 1, 19, 23, 4, 100);
insert into PartTimers (riderId, workday, startHour, endHour, weekNum, baseSalary) values (6, 1, 11, 15, 4, 100);
insert into PartTimers (riderId, workday, startHour, endHour, weekNum, baseSalary) values (6, 2, 13, 17, 4, 100);
insert into PartTimers (riderId, workday, startHour, endHour, weekNum, baseSalary) values (6, 2, 18, 22, 4, 100);
insert into PartTimers (riderId, workday, startHour, endHour, weekNum, baseSalary) values (6, 3, 18, 22, 4, 100);
insert into PartTimers (riderId, workday, startHour, endHour, weekNum, baseSalary) values (6, 3, 1, 5, 4, 100);
insert into PartTimers (riderId, workday, startHour, endHour, weekNum, baseSalary) values (6, 3, 14, 15, 4, 100);
insert into PartTimers (riderId, workday, startHour, endHour, weekNum, baseSalary) values (6, 4, 20, 24, 4, 100);
insert into PartTimers (riderId, workday, startHour, endHour, weekNum, baseSalary) values (6, 5, 18, 21, 4, 100);
insert into PartTimers (riderId, workday, startHour, endHour, weekNum, baseSalary) values (6, 5, 11, 15, 4, 100);
insert into PartTimers (riderId, workday, startHour, endHour, weekNum, baseSalary) values (9, 1, 5, 9, 1, 100);
insert into PartTimers (riderId, workday, startHour, endHour, weekNum, baseSalary) values (9, 1, 16, 18, 1, 100);
insert into PartTimers (riderId, workday, startHour, endHour, weekNum, baseSalary) values (9, 2, 1, 5, 1, 100);
insert into PartTimers (riderId, workday, startHour, endHour, weekNum, baseSalary) values (9, 2, 7, 11, 1, 100);
insert into PartTimers (riderId, workday, startHour, endHour, weekNum, baseSalary) values (9, 3, 19, 20, 1, 100);
insert into PartTimers (riderId, workday, startHour, endHour, weekNum, baseSalary) values (9, 3, 1, 5, 1, 100);
insert into PartTimers (riderId, workday, startHour, endHour, weekNum, baseSalary) values (9, 4, 20, 23, 1, 100);
insert into PartTimers (riderId, workday, startHour, endHour, weekNum, baseSalary) values (9, 4, 15, 19, 1, 100);
insert into PartTimers (riderId, workday, startHour, endHour, weekNum, baseSalary) values (9, 5, 7, 11, 1, 100);
insert into PartTimers (riderId, workday, startHour, endHour, weekNum, baseSalary) values (9, 6, 3, 7, 1, 100);
insert into PartTimers (riderId, workday, startHour, endHour, weekNum, baseSalary) values (9, 7, 1, 5, 1, 100);
insert into PartTimers (riderId, workday, startHour, endHour, weekNum, baseSalary) values (9, 7, 7, 11, 1, 100);
insert into PartTimers (riderId, workday, startHour, endHour, weekNum, baseSalary) values (9, 7, 13, 17, 1, 100);
insert into PartTimers (riderId, workday, startHour, endHour, weekNum, baseSalary) values (12, 1, 6, 10, 1, 100);
insert into PartTimers (riderId, workday, startHour, endHour, weekNum, baseSalary) values (12, 2, 3, 6, 1, 100);
insert into PartTimers (riderId, workday, startHour, endHour, weekNum, baseSalary) values (12, 3, 7, 11, 1, 100);
insert into PartTimers (riderId, workday, startHour, endHour, weekNum, baseSalary) values (12, 3, 18, 22, 1, 100);
insert into PartTimers (riderId, workday, startHour, endHour, weekNum, baseSalary) values (12, 4, 8, 12, 1, 100);
insert into PartTimers (riderId, workday, startHour, endHour, weekNum, baseSalary) values (12, 4, 13, 15, 1, 100);
insert into PartTimers (riderId, workday, startHour, endHour, weekNum, baseSalary) values (12, 5, 19, 23, 1, 100);
insert into PartTimers (riderId, workday, startHour, endHour, weekNum, baseSalary) values (12, 5, 14, 18, 1, 100);
insert into PartTimers (riderId, workday, startHour, endHour, weekNum, baseSalary) values (12, 6, 4, 8, 1, 100);
insert into PartTimers (riderId, workday, startHour, endHour, weekNum, baseSalary) values (12, 6, 9, 13, 1, 100);
insert into PartTimers (riderId, workday, startHour, endHour, weekNum, baseSalary) values (12, 7, 18, 22, 1, 100);
insert into PartTimers (riderId, workday, startHour, endHour, weekNum, baseSalary) values (12, 7, 6, 10, 1, 100);
insert into PartTimers (riderId, workday, startHour, endHour, weekNum, baseSalary) values (12, 1, 12, 16, 3, 100);
insert into PartTimers (riderId, workday, startHour, endHour, weekNum, baseSalary) values (12, 1, 17, 21, 3, 100);
insert into PartTimers (riderId, workday, startHour, endHour, weekNum, baseSalary) values (12, 2, 8, 11, 3, 100);
insert into PartTimers (riderId, workday, startHour, endHour, weekNum, baseSalary) values (12, 2, 2, 6, 3, 100);
insert into PartTimers (riderId, workday, startHour, endHour, weekNum, baseSalary) values (12, 3, 5, 9, 3, 100);
insert into PartTimers (riderId, workday, startHour, endHour, weekNum, baseSalary) values (12, 3, 20, 22, 3, 100);
insert into PartTimers (riderId, workday, startHour, endHour, weekNum, baseSalary) values (12, 4, 18, 22, 3, 100);
insert into PartTimers (riderId, workday, startHour, endHour, weekNum, baseSalary) values (12, 4, 13, 16, 3, 100);
insert into PartTimers (riderId, workday, startHour, endHour, weekNum, baseSalary) values (12, 5, 13, 16, 3, 100);
insert into PartTimers (riderId, workday, startHour, endHour, weekNum, baseSalary) values (12, 5, 20, 24, 3, 100);
insert into PartTimers (riderId, workday, startHour, endHour, weekNum, baseSalary) values (12, 6, 17, 20, 3, 100);
insert into PartTimers (riderId, workday, startHour, endHour, weekNum, baseSalary) values (12, 6, 10, 14, 3, 100);
insert into PartTimers (riderId, workday, startHour, endHour, weekNum, baseSalary) values (12, 7, 20, 23, 3, 100);
insert into PartTimers (riderId, workday, startHour, endHour, weekNum, baseSalary) values (15, 1, 16, 20, 1, 100);
insert into PartTimers (riderId, workday, startHour, endHour, weekNum, baseSalary) values (15, 1, 21, 22, 1, 100);
insert into PartTimers (riderId, workday, startHour, endHour, weekNum, baseSalary) values (15, 2, 10, 14, 1, 100);
insert into PartTimers (riderId, workday, startHour, endHour, weekNum, baseSalary) values (15, 2, 12, 16, 1, 100);
insert into PartTimers (riderId, workday, startHour, endHour, weekNum, baseSalary) values (15, 3, 12, 14, 1, 100);
insert into PartTimers (riderId, workday, startHour, endHour, weekNum, baseSalary) values (15, 3, 15, 18, 1, 100);
insert into PartTimers (riderId, workday, startHour, endHour, weekNum, baseSalary) values (15, 4, 1, 5, 1, 100);
insert into PartTimers (riderId, workday, startHour, endHour, weekNum, baseSalary) values (15, 4, 16, 20, 1, 100);
insert into PartTimers (riderId, workday, startHour, endHour, weekNum, baseSalary) values (15, 5, 17, 18, 1, 100);
insert into PartTimers (riderId, workday, startHour, endHour, weekNum, baseSalary) values (15, 6, 2, 4, 1, 100);
insert into PartTimers (riderId, workday, startHour, endHour, weekNum, baseSalary) values (15, 6, 13, 17, 1, 100);
insert into PartTimers (riderId, workday, startHour, endHour, weekNum, baseSalary) values (15, 7, 10, 14, 1, 100);
insert into PartTimers (riderId, workday, startHour, endHour, weekNum, baseSalary) values (15, 7, 5, 9, 1, 100);
insert into PartTimers (riderId, workday, startHour, endHour, weekNum, baseSalary) values (15, 1, 9, 13, 4, 100);
insert into PartTimers (riderId, workday, startHour, endHour, weekNum, baseSalary) values (15, 1, 4, 8, 4, 100);
insert into PartTimers (riderId, workday, startHour, endHour, weekNum, baseSalary) values (15, 2, 6, 10, 4, 100);
insert into PartTimers (riderId, workday, startHour, endHour, weekNum, baseSalary) values (15, 2, 0, 4, 4, 100);
insert into PartTimers (riderId, workday, startHour, endHour, weekNum, baseSalary) values (15, 3, 1, 5, 4, 100);
insert into PartTimers (riderId, workday, startHour, endHour, weekNum, baseSalary) values (15, 4, 9, 13, 4, 100);
insert into PartTimers (riderId, workday, startHour, endHour, weekNum, baseSalary) values (15, 5, 7, 11, 4, 100);
insert into PartTimers (riderId, workday, startHour, endHour, weekNum, baseSalary) values (15, 5, 2, 6, 4, 100);
insert into PartTimers (riderId, workday, startHour, endHour, weekNum, baseSalary) values (15, 6, 2, 6, 4, 100);
insert into PartTimers (riderId, workday, startHour, endHour, weekNum, baseSalary) values (15, 6, 11, 15, 4, 100);
insert into PartTimers (riderId, workday, startHour, endHour, weekNum, baseSalary) values (15, 7, 9, 13, 4, 100);
insert into PartTimers (riderId, workday, startHour, endHour, weekNum, baseSalary) values (15, 7, 16, 20, 4, 100);
insert into PartTimers (riderId, workday, startHour, endHour, weekNum, baseSalary) values (18, 1, 18, 21, 1, 100);
insert into PartTimers (riderId, workday, startHour, endHour, weekNum, baseSalary) values (18, 1, 11, 15, 1, 100);
insert into PartTimers (riderId, workday, startHour, endHour, weekNum, baseSalary) values (18, 2, 11, 15, 1, 100);
insert into PartTimers (riderId, workday, startHour, endHour, weekNum, baseSalary) values (18, 2, 18, 22, 1, 100);
insert into PartTimers (riderId, workday, startHour, endHour, weekNum, baseSalary) values (18, 3, 9, 13, 1, 100);
insert into PartTimers (riderId, workday, startHour, endHour, weekNum, baseSalary) values (18, 3, 16, 20, 1, 100);
insert into PartTimers (riderId, workday, startHour, endHour, weekNum, baseSalary) values (18, 4, 19, 23, 1, 100);
insert into PartTimers (riderId, workday, startHour, endHour, weekNum, baseSalary) values (18, 4, 2, 5, 1, 100);
insert into PartTimers (riderId, workday, startHour, endHour, weekNum, baseSalary) values (18, 5, 1, 5, 1, 100);
insert into PartTimers (riderId, workday, startHour, endHour, weekNum, baseSalary) values (18, 5, 17, 21, 1, 100);
insert into PartTimers (riderId, workday, startHour, endHour, weekNum, baseSalary) values (18, 6, 3, 7, 1, 100);
insert into PartTimers (riderId, workday, startHour, endHour, weekNum, baseSalary) values (18, 7, 11, 15, 1, 100);
insert into PartTimers (riderId, workday, startHour, endHour, weekNum, baseSalary) values (18, 1, 2, 6, 2, 100);
insert into PartTimers (riderId, workday, startHour, endHour, weekNum, baseSalary) values (18, 1, 14, 18, 2, 100);
insert into PartTimers (riderId, workday, startHour, endHour, weekNum, baseSalary) values (18, 2, 10, 14, 2, 100);
insert into PartTimers (riderId, workday, startHour, endHour, weekNum, baseSalary) values (18, 2, 3, 5, 2, 100);
insert into PartTimers (riderId, workday, startHour, endHour, weekNum, baseSalary) values (18, 3, 7, 11, 2, 100);
insert into PartTimers (riderId, workday, startHour, endHour, weekNum, baseSalary) values (18, 3, 14, 18, 2, 100);
insert into PartTimers (riderId, workday, startHour, endHour, weekNum, baseSalary) values (18, 3, 2, 6, 2, 100);
insert into PartTimers (riderId, workday, startHour, endHour, weekNum, baseSalary) values (18, 4, 5, 9, 2, 100);
insert into PartTimers (riderId, workday, startHour, endHour, weekNum, baseSalary) values (18, 4, 15, 19, 2, 100);
insert into PartTimers (riderId, workday, startHour, endHour, weekNum, baseSalary) values (18, 6, 1, 5, 2, 100);
insert into PartTimers (riderId, workday, startHour, endHour, weekNum, baseSalary) values (18, 6, 15, 19, 2, 100);
insert into PartTimers (riderId, workday, startHour, endHour, weekNum, baseSalary) values (18, 7, 15, 19, 2, 100);
insert into PartTimers (riderId, workday, startHour, endHour, weekNum, baseSalary) values (18, 7, 0, 4, 2, 100);
insert into PartTimers (riderId, workday, startHour, endHour, weekNum, baseSalary) values (18, 1, 20, 24, 3, 100);
insert into PartTimers (riderId, workday, startHour, endHour, weekNum, baseSalary) values (18, 1, 7, 11, 3, 100);
insert into PartTimers (riderId, workday, startHour, endHour, weekNum, baseSalary) values (18, 2, 17, 21, 3, 100);
insert into PartTimers (riderId, workday, startHour, endHour, weekNum, baseSalary) values (18, 2, 6, 10, 3, 100);
insert into PartTimers (riderId, workday, startHour, endHour, weekNum, baseSalary) values (18, 3, 2, 6, 3, 100);
insert into PartTimers (riderId, workday, startHour, endHour, weekNum, baseSalary) values (18, 4, 4, 8, 3, 100);
insert into PartTimers (riderId, workday, startHour, endHour, weekNum, baseSalary) values (18, 4, 10, 14, 3, 100);
insert into PartTimers (riderId, workday, startHour, endHour, weekNum, baseSalary) values (18, 5, 18, 22, 3, 100);
insert into PartTimers (riderId, workday, startHour, endHour, weekNum, baseSalary) values (18, 6, 4, 8, 3, 100);
insert into PartTimers (riderId, workday, startHour, endHour, weekNum, baseSalary) values (18, 7, 6, 10, 3, 100);
insert into PartTimers (riderId, workday, startHour, endHour, weekNum, baseSalary) values (18, 7, 0, 4, 3, 100);
insert into PartTimers (riderId, workday, startHour, endHour, weekNum, baseSalary) values (21, 1, 0, 4, 1, 100);
insert into PartTimers (riderId, workday, startHour, endHour, weekNum, baseSalary) values (21, 1, 11, 15, 1, 100);
insert into PartTimers (riderId, workday, startHour, endHour, weekNum, baseSalary) values (21, 2, 14, 15, 1, 100);
insert into PartTimers (riderId, workday, startHour, endHour, weekNum, baseSalary) values (21, 2, 9, 13, 1, 100);
insert into PartTimers (riderId, workday, startHour, endHour, weekNum, baseSalary) values (21, 3, 15, 19, 1, 100);
insert into PartTimers (riderId, workday, startHour, endHour, weekNum, baseSalary) values (21, 3, 20, 24, 1, 100);
insert into PartTimers (riderId, workday, startHour, endHour, weekNum, baseSalary) values (21, 5, 4, 8, 1, 100);
insert into PartTimers (riderId, workday, startHour, endHour, weekNum, baseSalary) values (21, 5, 11, 15, 1, 100);
insert into PartTimers (riderId, workday, startHour, endHour, weekNum, baseSalary) values (21, 6, 1, 5, 1, 100);
insert into PartTimers (riderId, workday, startHour, endHour, weekNum, baseSalary) values (21, 6, 14, 18, 1, 100);
insert into PartTimers (riderId, workday, startHour, endHour, weekNum, baseSalary) values (21, 7, 7, 10, 1, 100);
insert into PartTimers (riderId, workday, startHour, endHour, weekNum, baseSalary) values (21, 7, 11, 15, 1, 100);
insert into PartTimers (riderId, workday, startHour, endHour, weekNum, baseSalary) values (21, 1, 9, 13, 2, 100);
insert into PartTimers (riderId, workday, startHour, endHour, weekNum, baseSalary) values (21, 1, 0, 4, 2, 100);
insert into PartTimers (riderId, workday, startHour, endHour, weekNum, baseSalary) values (21, 2, 0, 4, 2, 100);
insert into PartTimers (riderId, workday, startHour, endHour, weekNum, baseSalary) values (21, 2, 5, 9, 2, 100);
insert into PartTimers (riderId, workday, startHour, endHour, weekNum, baseSalary) values (21, 3, 2, 6, 2, 100);
insert into PartTimers (riderId, workday, startHour, endHour, weekNum, baseSalary) values (21, 4, 20, 24, 2, 100);
insert into PartTimers (riderId, workday, startHour, endHour, weekNum, baseSalary) values (21, 4, 5, 9, 2, 100);
insert into PartTimers (riderId, workday, startHour, endHour, weekNum, baseSalary) values (21, 5, 20, 24, 2, 100);
insert into PartTimers (riderId, workday, startHour, endHour, weekNum, baseSalary) values (21, 5, 15, 19, 2, 100);
insert into PartTimers (riderId, workday, startHour, endHour, weekNum, baseSalary) values (21, 6, 4, 8, 2, 100);
insert into PartTimers (riderId, workday, startHour, endHour, weekNum, baseSalary) values (21, 7, 6, 10, 2, 100);
insert into PartTimers (riderId, workday, startHour, endHour, weekNum, baseSalary) values (21, 7, 18, 22, 2, 100);
insert into PartTimers (riderId, workday, startHour, endHour, weekNum, baseSalary) values (24, 1, 18, 20, 1, 100);
insert into PartTimers (riderId, workday, startHour, endHour, weekNum, baseSalary) values (24, 2, 4, 8, 1, 100);
insert into PartTimers (riderId, workday, startHour, endHour, weekNum, baseSalary) values (24, 3, 19, 23, 1, 100);
insert into PartTimers (riderId, workday, startHour, endHour, weekNum, baseSalary) values (24, 3, 15, 18, 1, 100);
insert into PartTimers (riderId, workday, startHour, endHour, weekNum, baseSalary) values (24, 4, 7, 9, 1, 100);
insert into PartTimers (riderId, workday, startHour, endHour, weekNum, baseSalary) values (24, 4, 11, 15, 1, 100);
insert into PartTimers (riderId, workday, startHour, endHour, weekNum, baseSalary) values (24, 5, 16, 20, 1, 100);
insert into PartTimers (riderId, workday, startHour, endHour, weekNum, baseSalary) values (24, 5, 5, 9, 1, 100);
insert into PartTimers (riderId, workday, startHour, endHour, weekNum, baseSalary) values (24, 6, 7, 11, 1, 100);
insert into PartTimers (riderId, workday, startHour, endHour, weekNum, baseSalary) values (24, 6, 13, 17, 1, 100);
insert into PartTimers (riderId, workday, startHour, endHour, weekNum, baseSalary) values (24, 7, 1, 5, 1, 100);
insert into PartTimers (riderId, workday, startHour, endHour, weekNum, baseSalary) values (24, 7, 10, 14, 1, 100);
insert into PartTimers (riderId, workday, startHour, endHour, weekNum, baseSalary) values (24, 1, 18, 22, 4, 100);
insert into PartTimers (riderId, workday, startHour, endHour, weekNum, baseSalary) values (24, 1, 2, 6, 4, 100);
insert into PartTimers (riderId, workday, startHour, endHour, weekNum, baseSalary) values (24, 2, 4, 8, 4, 100);
insert into PartTimers (riderId, workday, startHour, endHour, weekNum, baseSalary) values (24, 2, 9, 13, 4, 100);
insert into PartTimers (riderId, workday, startHour, endHour, weekNum, baseSalary) values (24, 3, 2, 5, 4, 100);
insert into PartTimers (riderId, workday, startHour, endHour, weekNum, baseSalary) values (24, 4, 11, 12, 4, 100);
insert into PartTimers (riderId, workday, startHour, endHour, weekNum, baseSalary) values (24, 4, 13, 17, 4, 100);
insert into PartTimers (riderId, workday, startHour, endHour, weekNum, baseSalary) values (24, 5, 0, 4, 4, 100);
insert into PartTimers (riderId, workday, startHour, endHour, weekNum, baseSalary) values (24, 6, 13, 17, 4, 100);
insert into PartTimers (riderId, workday, startHour, endHour, weekNum, baseSalary) values (24, 6, 7, 11, 4, 100);
insert into PartTimers (riderId, workday, startHour, endHour, weekNum, baseSalary) values (24, 7, 11, 15, 4, 100);
insert into PartTimers (riderId, workday, startHour, endHour, weekNum, baseSalary) values (24, 7, 17, 21, 4, 100);
insert into PartTimers (riderId, workday, startHour, endHour, weekNum, baseSalary) values (25, 1, 5, 9, 1, 100);
insert into PartTimers (riderId, workday, startHour, endHour, weekNum, baseSalary) values (25, 1, 18, 22, 1, 100);
insert into PartTimers (riderId, workday, startHour, endHour, weekNum, baseSalary) values (25, 2, 5, 9, 1, 100);
insert into PartTimers (riderId, workday, startHour, endHour, weekNum, baseSalary) values (25, 2, 19, 23, 1, 100);
insert into PartTimers (riderId, workday, startHour, endHour, weekNum, baseSalary) values (25, 2, 14, 18, 1, 100);
insert into PartTimers (riderId, workday, startHour, endHour, weekNum, baseSalary) values (25, 5, 15, 19, 1, 100);
insert into PartTimers (riderId, workday, startHour, endHour, weekNum, baseSalary) values (25, 5, 5, 9, 1, 100);
insert into PartTimers (riderId, workday, startHour, endHour, weekNum, baseSalary) values (25, 6, 5, 9, 1, 100);
insert into PartTimers (riderId, workday, startHour, endHour, weekNum, baseSalary) values (25, 6, 20, 24, 1, 100);
insert into PartTimers (riderId, workday, startHour, endHour, weekNum, baseSalary) values (25, 6, 18, 19, 1, 100);
insert into PartTimers (riderId, workday, startHour, endHour, weekNum, baseSalary) values (25, 7, 0, 4, 1, 100);
insert into PartTimers (riderId, workday, startHour, endHour, weekNum, baseSalary) values (25, 7, 20, 24, 1, 100);
insert into PartTimers (riderId, workday, startHour, endHour, weekNum, baseSalary) values (27, 1, 17, 21, 1, 100);
insert into PartTimers (riderId, workday, startHour, endHour, weekNum, baseSalary) values (27, 1, 2, 6, 1, 100);
insert into PartTimers (riderId, workday, startHour, endHour, weekNum, baseSalary) values (27, 1, 11, 15, 1, 100);
insert into PartTimers (riderId, workday, startHour, endHour, weekNum, baseSalary) values (27, 3, 18, 22, 1, 100);
insert into PartTimers (riderId, workday, startHour, endHour, weekNum, baseSalary) values (27, 3, 11, 15, 1, 100);
insert into PartTimers (riderId, workday, startHour, endHour, weekNum, baseSalary) values (27, 3, 5, 9, 1, 100);
insert into PartTimers (riderId, workday, startHour, endHour, weekNum, baseSalary) values (27, 5, 18, 22, 1, 100);
insert into PartTimers (riderId, workday, startHour, endHour, weekNum, baseSalary) values (27, 5, 16, 17, 1, 100);
insert into PartTimers (riderId, workday, startHour, endHour, weekNum, baseSalary) values (27, 6, 3, 7, 1, 100);
insert into PartTimers (riderId, workday, startHour, endHour, weekNum, baseSalary) values (27, 6, 20, 24, 1, 100);
insert into PartTimers (riderId, workday, startHour, endHour, weekNum, baseSalary) values (27, 7, 8, 11, 1, 100);
insert into PartTimers (riderId, workday, startHour, endHour, weekNum, baseSalary) values (27, 7, 15, 19, 1, 100);
insert into PartTimers (riderId, workday, startHour, endHour, weekNum, baseSalary) values (27, 7, 20, 22, 1, 100);
insert into PartTimers (riderId, workday, startHour, endHour, weekNum, baseSalary) values (30, 1, 14, 18, 1, 100);
insert into PartTimers (riderId, workday, startHour, endHour, weekNum, baseSalary) values (30, 3, 1, 5, 1, 100);
insert into PartTimers (riderId, workday, startHour, endHour, weekNum, baseSalary) values (30, 3, 19, 20, 1, 100);
insert into PartTimers (riderId, workday, startHour, endHour, weekNum, baseSalary) values (30, 4, 11, 15, 1, 100);
insert into PartTimers (riderId, workday, startHour, endHour, weekNum, baseSalary) values (30, 4, 16, 20, 1, 100);
insert into PartTimers (riderId, workday, startHour, endHour, weekNum, baseSalary) values (30, 5, 18, 22, 1, 100);
insert into PartTimers (riderId, workday, startHour, endHour, weekNum, baseSalary) values (30, 5, 0, 4, 1, 100);
insert into PartTimers (riderId, workday, startHour, endHour, weekNum, baseSalary) values (30, 6, 0, 4, 1, 100);
insert into PartTimers (riderId, workday, startHour, endHour, weekNum, baseSalary) values (30, 6, 10, 14, 1, 100);
insert into PartTimers (riderId, workday, startHour, endHour, weekNum, baseSalary) values (30, 7, 5, 9, 1, 100);
insert into PartTimers (riderId, workday, startHour, endHour, weekNum, baseSalary) values (30, 7, 20, 24, 1, 100);
insert into PartTimers (riderId, workday, startHour, endHour, weekNum, baseSalary) values (30, 7, 0, 4, 1, 100);
insert into PartTimers (riderId, workday, startHour, endHour, weekNum, baseSalary) values (30, 1, 8, 9, 3, 100);
insert into PartTimers (riderId, workday, startHour, endHour, weekNum, baseSalary) values (30, 1, 17, 21, 3, 100);
insert into PartTimers (riderId, workday, startHour, endHour, weekNum, baseSalary) values (30, 2, 13, 17, 3, 100);
insert into PartTimers (riderId, workday, startHour, endHour, weekNum, baseSalary) values (30, 2, 8, 12, 3, 100);
insert into PartTimers (riderId, workday, startHour, endHour, weekNum, baseSalary) values (30, 4, 11, 15, 3, 100);
insert into PartTimers (riderId, workday, startHour, endHour, weekNum, baseSalary) values (30, 4, 17, 21, 3, 100);
insert into PartTimers (riderId, workday, startHour, endHour, weekNum, baseSalary) values (30, 5, 15, 18, 3, 100);
insert into PartTimers (riderId, workday, startHour, endHour, weekNum, baseSalary) values (30, 5, 9, 13, 3, 100);
insert into PartTimers (riderId, workday, startHour, endHour, weekNum, baseSalary) values (30, 6, 10, 14, 3, 100);
insert into PartTimers (riderId, workday, startHour, endHour, weekNum, baseSalary) values (30, 6, 3, 7, 3, 100);
insert into PartTimers (riderId, workday, startHour, endHour, weekNum, baseSalary) values (30, 7, 4, 8, 3, 100);

insert into FullTimers (riderId, monthNum, workdayStart, workdayEnd, shiftNum, baseSalary) values (2, 1, 6, 3, 2, 1700);
insert into FullTimers (riderId, monthNum, workdayStart, workdayEnd, shiftNum, baseSalary) values (2, 2, 3, 7, 4, 1700);
insert into FullTimers (riderId, monthNum, workdayStart, workdayEnd, shiftNum, baseSalary) values (2, 3, 2, 6, 1, 1700);
insert into FullTimers (riderId, monthNum, workdayStart, workdayEnd, shiftNum, baseSalary) values (2, 4, 3, 7, 1, 1700);
insert into FullTimers (riderId, monthNum, workdayStart, workdayEnd, shiftNum, baseSalary) values (2, 5, 2, 6, 2, 1700);
insert into FullTimers (riderId, monthNum, workdayStart, workdayEnd, shiftNum, baseSalary) values (2, 6, 7, 4, 1, 1700);
insert into FullTimers (riderId, monthNum, workdayStart, workdayEnd, shiftNum, baseSalary) values (2, 7, 7, 4, 3, 1700);
insert into FullTimers (riderId, monthNum, workdayStart, workdayEnd, shiftNum, baseSalary) values (2, 8, 6, 3, 1, 1700);
insert into FullTimers (riderId, monthNum, workdayStart, workdayEnd, shiftNum, baseSalary) values (2, 9, 3, 7, 1, 1700);
insert into FullTimers (riderId, monthNum, workdayStart, workdayEnd, shiftNum, baseSalary) values (2, 10, 1, 5, 2, 1700);
insert into FullTimers (riderId, monthNum, workdayStart, workdayEnd, shiftNum, baseSalary) values (2, 11, 1, 5, 2, 1700);
insert into FullTimers (riderId, monthNum, workdayStart, workdayEnd, shiftNum, baseSalary) values (2, 12, 2, 6, 3, 1700);
insert into FullTimers (riderId, monthNum, workdayStart, workdayEnd, shiftNum, baseSalary) values (2, 13, 1, 5, 4, 1700);
insert into FullTimers (riderId, monthNum, workdayStart, workdayEnd, shiftNum, baseSalary) values (2, 14, 4, 1, 1, 1700);
insert into FullTimers (riderId, monthNum, workdayStart, workdayEnd, shiftNum, baseSalary) values (2, 15, 1, 5, 3, 1700);
insert into FullTimers (riderId, monthNum, workdayStart, workdayEnd, shiftNum, baseSalary) values (2, 16, 3, 7, 4, 1700);
insert into FullTimers (riderId, monthNum, workdayStart, workdayEnd, shiftNum, baseSalary) values (2, 17, 5, 2, 3, 1700);
insert into FullTimers (riderId, monthNum, workdayStart, workdayEnd, shiftNum, baseSalary) values (2, 18, 6, 3, 4, 1700);
insert into FullTimers (riderId, monthNum, workdayStart, workdayEnd, shiftNum, baseSalary) values (2, 19, 1, 5, 3, 1700);
insert into FullTimers (riderId, monthNum, workdayStart, workdayEnd, shiftNum, baseSalary) values (2, 20, 1, 5, 1, 1700);
insert into FullTimers (riderId, monthNum, workdayStart, workdayEnd, shiftNum, baseSalary) values (2, 21, 4, 1, 1, 1700);
insert into FullTimers (riderId, monthNum, workdayStart, workdayEnd, shiftNum, baseSalary) values (2, 22, 4, 1, 2, 1700);
insert into FullTimers (riderId, monthNum, workdayStart, workdayEnd, shiftNum, baseSalary) values (2, 23, 2, 6, 3, 1700);
insert into FullTimers (riderId, monthNum, workdayStart, workdayEnd, shiftNum, baseSalary) values (2, 24, 2, 6, 2, 1700);
insert into FullTimers (riderId, monthNum, workdayStart, workdayEnd, shiftNum, baseSalary) values (2, 25, 1, 5, 1, 1700);
insert into FullTimers (riderId, monthNum, workdayStart, workdayEnd, shiftNum, baseSalary) values (2, 26, 1, 5, 4, 1700);
insert into FullTimers (riderId, monthNum, workdayStart, workdayEnd, shiftNum, baseSalary) values (2, 27, 7, 4, 2, 1700);
insert into FullTimers (riderId, monthNum, workdayStart, workdayEnd, shiftNum, baseSalary) values (2, 28, 5, 2, 1, 1700);
insert into FullTimers (riderId, monthNum, workdayStart, workdayEnd, shiftNum, baseSalary) values (2, 29, 3, 7, 2, 1700);
insert into FullTimers (riderId, monthNum, workdayStart, workdayEnd, shiftNum, baseSalary) values (2, 30, 4, 1, 2, 1700);
insert into FullTimers (riderId, monthNum, workdayStart, workdayEnd, shiftNum, baseSalary) values (5, 1, 5, 2, 2, 1700);
insert into FullTimers (riderId, monthNum, workdayStart, workdayEnd, shiftNum, baseSalary) values (5, 2, 6, 3, 1, 1700);
insert into FullTimers (riderId, monthNum, workdayStart, workdayEnd, shiftNum, baseSalary) values (5, 3, 7, 4, 1, 1700);
insert into FullTimers (riderId, monthNum, workdayStart, workdayEnd, shiftNum, baseSalary) values (5, 4, 7, 4, 1, 1700);
insert into FullTimers (riderId, monthNum, workdayStart, workdayEnd, shiftNum, baseSalary) values (5, 5, 6, 3, 4, 1700);
insert into FullTimers (riderId, monthNum, workdayStart, workdayEnd, shiftNum, baseSalary) values (5, 6, 6, 3, 4, 1700);
insert into FullTimers (riderId, monthNum, workdayStart, workdayEnd, shiftNum, baseSalary) values (5, 7, 6, 3, 3, 1700);
insert into FullTimers (riderId, monthNum, workdayStart, workdayEnd, shiftNum, baseSalary) values (5, 8, 6, 3, 2, 1700);
insert into FullTimers (riderId, monthNum, workdayStart, workdayEnd, shiftNum, baseSalary) values (5, 9, 3, 7, 1, 1700);
insert into FullTimers (riderId, monthNum, workdayStart, workdayEnd, shiftNum, baseSalary) values (5, 10, 6, 3, 1, 1700);
insert into FullTimers (riderId, monthNum, workdayStart, workdayEnd, shiftNum, baseSalary) values (5, 11, 1, 5, 2, 1700);
insert into FullTimers (riderId, monthNum, workdayStart, workdayEnd, shiftNum, baseSalary) values (5, 12, 3, 7, 2, 1700);
insert into FullTimers (riderId, monthNum, workdayStart, workdayEnd, shiftNum, baseSalary) values (5, 13, 3, 7, 3, 1700);
insert into FullTimers (riderId, monthNum, workdayStart, workdayEnd, shiftNum, baseSalary) values (5, 14, 5, 2, 3, 1700);
insert into FullTimers (riderId, monthNum, workdayStart, workdayEnd, shiftNum, baseSalary) values (5, 15, 5, 2, 2, 1700);
insert into FullTimers (riderId, monthNum, workdayStart, workdayEnd, shiftNum, baseSalary) values (5, 16, 4, 1, 2, 1700);
insert into FullTimers (riderId, monthNum, workdayStart, workdayEnd, shiftNum, baseSalary) values (5, 17, 1, 5, 3, 1700);
insert into FullTimers (riderId, monthNum, workdayStart, workdayEnd, shiftNum, baseSalary) values (5, 18, 1, 5, 4, 1700);
insert into FullTimers (riderId, monthNum, workdayStart, workdayEnd, shiftNum, baseSalary) values (5, 19, 5, 2, 4, 1700);
insert into FullTimers (riderId, monthNum, workdayStart, workdayEnd, shiftNum, baseSalary) values (5, 20, 1, 5, 3, 1700);
insert into FullTimers (riderId, monthNum, workdayStart, workdayEnd, shiftNum, baseSalary) values (5, 21, 3, 7, 2, 1700);
insert into FullTimers (riderId, monthNum, workdayStart, workdayEnd, shiftNum, baseSalary) values (5, 22, 1, 5, 4, 1700);
insert into FullTimers (riderId, monthNum, workdayStart, workdayEnd, shiftNum, baseSalary) values (5, 23, 7, 4, 4, 1700);
insert into FullTimers (riderId, monthNum, workdayStart, workdayEnd, shiftNum, baseSalary) values (5, 24, 2, 6, 2, 1700);
insert into FullTimers (riderId, monthNum, workdayStart, workdayEnd, shiftNum, baseSalary) values (5, 25, 2, 6, 3, 1700);
insert into FullTimers (riderId, monthNum, workdayStart, workdayEnd, shiftNum, baseSalary) values (8, 1, 1, 5, 2, 1700);
insert into FullTimers (riderId, monthNum, workdayStart, workdayEnd, shiftNum, baseSalary) values (8, 2, 6, 3, 3, 1700);
insert into FullTimers (riderId, monthNum, workdayStart, workdayEnd, shiftNum, baseSalary) values (8, 3, 6, 3, 4, 1700);
insert into FullTimers (riderId, monthNum, workdayStart, workdayEnd, shiftNum, baseSalary) values (8, 4, 7, 4, 4, 1700);
insert into FullTimers (riderId, monthNum, workdayStart, workdayEnd, shiftNum, baseSalary) values (8, 5, 2, 6, 3, 1700);
insert into FullTimers (riderId, monthNum, workdayStart, workdayEnd, shiftNum, baseSalary) values (8, 6, 2, 6, 2, 1700);
insert into FullTimers (riderId, monthNum, workdayStart, workdayEnd, shiftNum, baseSalary) values (8, 7, 4, 1, 3, 1700);
insert into FullTimers (riderId, monthNum, workdayStart, workdayEnd, shiftNum, baseSalary) values (8, 8, 4, 1, 1, 1700);
insert into FullTimers (riderId, monthNum, workdayStart, workdayEnd, shiftNum, baseSalary) values (8, 9, 5, 2, 2, 1700);
insert into FullTimers (riderId, monthNum, workdayStart, workdayEnd, shiftNum, baseSalary) values (8, 10, 5, 2, 2, 1700);
insert into FullTimers (riderId, monthNum, workdayStart, workdayEnd, shiftNum, baseSalary) values (8, 11, 7, 4, 3, 1700);
insert into FullTimers (riderId, monthNum, workdayStart, workdayEnd, shiftNum, baseSalary) values (8, 12, 5, 2, 1, 1700);
insert into FullTimers (riderId, monthNum, workdayStart, workdayEnd, shiftNum, baseSalary) values (8, 13, 4, 1, 3, 1700);
insert into FullTimers (riderId, monthNum, workdayStart, workdayEnd, shiftNum, baseSalary) values (8, 14, 7, 4, 3, 1700);
insert into FullTimers (riderId, monthNum, workdayStart, workdayEnd, shiftNum, baseSalary) values (8, 15, 2, 6, 3, 1700);
insert into FullTimers (riderId, monthNum, workdayStart, workdayEnd, shiftNum, baseSalary) values (8, 16, 7, 4, 3, 1700);
insert into FullTimers (riderId, monthNum, workdayStart, workdayEnd, shiftNum, baseSalary) values (8, 17, 4, 1, 4, 1700);
insert into FullTimers (riderId, monthNum, workdayStart, workdayEnd, shiftNum, baseSalary) values (8, 18, 1, 5, 3, 1700);
insert into FullTimers (riderId, monthNum, workdayStart, workdayEnd, shiftNum, baseSalary) values (8, 19, 1, 5, 2, 1700);
insert into FullTimers (riderId, monthNum, workdayStart, workdayEnd, shiftNum, baseSalary) values (8, 20, 3, 7, 4, 1700);
insert into FullTimers (riderId, monthNum, workdayStart, workdayEnd, shiftNum, baseSalary) values (11, 1, 1, 5, 4, 1700);
insert into FullTimers (riderId, monthNum, workdayStart, workdayEnd, shiftNum, baseSalary) values (11, 2, 6, 3, 3, 1700);
insert into FullTimers (riderId, monthNum, workdayStart, workdayEnd, shiftNum, baseSalary) values (11, 3, 2, 6, 4, 1700);
insert into FullTimers (riderId, monthNum, workdayStart, workdayEnd, shiftNum, baseSalary) values (11, 4, 7, 4, 3, 1700);
insert into FullTimers (riderId, monthNum, workdayStart, workdayEnd, shiftNum, baseSalary) values (11, 5, 6, 3, 2, 1700);
insert into FullTimers (riderId, monthNum, workdayStart, workdayEnd, shiftNum, baseSalary) values (11, 6, 1, 5, 2, 1700);
insert into FullTimers (riderId, monthNum, workdayStart, workdayEnd, shiftNum, baseSalary) values (11, 7, 1, 5, 4, 1700);
insert into FullTimers (riderId, monthNum, workdayStart, workdayEnd, shiftNum, baseSalary) values (11, 8, 4, 1, 1, 1700);
insert into FullTimers (riderId, monthNum, workdayStart, workdayEnd, shiftNum, baseSalary) values (11, 9, 3, 7, 2, 1700);
insert into FullTimers (riderId, monthNum, workdayStart, workdayEnd, shiftNum, baseSalary) values (11, 10, 3, 7, 2, 1700);
insert into FullTimers (riderId, monthNum, workdayStart, workdayEnd, shiftNum, baseSalary) values (11, 11, 7, 4, 2, 1700);
insert into FullTimers (riderId, monthNum, workdayStart, workdayEnd, shiftNum, baseSalary) values (11, 12, 6, 3, 2, 1700);
insert into FullTimers (riderId, monthNum, workdayStart, workdayEnd, shiftNum, baseSalary) values (11, 13, 7, 4, 4, 1700);
insert into FullTimers (riderId, monthNum, workdayStart, workdayEnd, shiftNum, baseSalary) values (11, 14, 6, 3, 4, 1700);
insert into FullTimers (riderId, monthNum, workdayStart, workdayEnd, shiftNum, baseSalary) values (11, 15, 4, 1, 1, 1700);
insert into FullTimers (riderId, monthNum, workdayStart, workdayEnd, shiftNum, baseSalary) values (11, 16, 2, 6, 3, 1700);
insert into FullTimers (riderId, monthNum, workdayStart, workdayEnd, shiftNum, baseSalary) values (11, 17, 1, 5, 4, 1700);
insert into FullTimers (riderId, monthNum, workdayStart, workdayEnd, shiftNum, baseSalary) values (11, 18, 5, 2, 3, 1700);
insert into FullTimers (riderId, monthNum, workdayStart, workdayEnd, shiftNum, baseSalary) values (11, 19, 5, 2, 2, 1700);
insert into FullTimers (riderId, monthNum, workdayStart, workdayEnd, shiftNum, baseSalary) values (11, 20, 7, 4, 3, 1700);
insert into FullTimers (riderId, monthNum, workdayStart, workdayEnd, shiftNum, baseSalary) values (14, 1, 4, 1, 4, 1700);
insert into FullTimers (riderId, monthNum, workdayStart, workdayEnd, shiftNum, baseSalary) values (14, 2, 1, 5, 3, 1700);
insert into FullTimers (riderId, monthNum, workdayStart, workdayEnd, shiftNum, baseSalary) values (14, 3, 4, 1, 4, 1700);
insert into FullTimers (riderId, monthNum, workdayStart, workdayEnd, shiftNum, baseSalary) values (14, 4, 4, 1, 4, 1700);
insert into FullTimers (riderId, monthNum, workdayStart, workdayEnd, shiftNum, baseSalary) values (14, 5, 6, 3, 1, 1700);
insert into FullTimers (riderId, monthNum, workdayStart, workdayEnd, shiftNum, baseSalary) values (14, 6, 3, 7, 2, 1700);
insert into FullTimers (riderId, monthNum, workdayStart, workdayEnd, shiftNum, baseSalary) values (14, 7, 7, 4, 3, 1700);
insert into FullTimers (riderId, monthNum, workdayStart, workdayEnd, shiftNum, baseSalary) values (14, 8, 7, 4, 4, 1700);
insert into FullTimers (riderId, monthNum, workdayStart, workdayEnd, shiftNum, baseSalary) values (14, 9, 3, 7, 4, 1700);
insert into FullTimers (riderId, monthNum, workdayStart, workdayEnd, shiftNum, baseSalary) values (14, 10, 2, 6, 1, 1700);
insert into FullTimers (riderId, monthNum, workdayStart, workdayEnd, shiftNum, baseSalary) values (14, 11, 7, 4, 3, 1700);
insert into FullTimers (riderId, monthNum, workdayStart, workdayEnd, shiftNum, baseSalary) values (14, 12, 5, 2, 2, 1700);
insert into FullTimers (riderId, monthNum, workdayStart, workdayEnd, shiftNum, baseSalary) values (14, 13, 3, 7, 1, 1700);
insert into FullTimers (riderId, monthNum, workdayStart, workdayEnd, shiftNum, baseSalary) values (14, 14, 6, 3, 1, 1700);
insert into FullTimers (riderId, monthNum, workdayStart, workdayEnd, shiftNum, baseSalary) values (14, 15, 1, 5, 1, 1700);
insert into FullTimers (riderId, monthNum, workdayStart, workdayEnd, shiftNum, baseSalary) values (14, 16, 6, 3, 4, 1700);
insert into FullTimers (riderId, monthNum, workdayStart, workdayEnd, shiftNum, baseSalary) values (14, 17, 7, 4, 3, 1700);
insert into FullTimers (riderId, monthNum, workdayStart, workdayEnd, shiftNum, baseSalary) values (14, 18, 2, 6, 3, 1700);
insert into FullTimers (riderId, monthNum, workdayStart, workdayEnd, shiftNum, baseSalary) values (14, 19, 3, 7, 4, 1700);
insert into FullTimers (riderId, monthNum, workdayStart, workdayEnd, shiftNum, baseSalary) values (17, 1, 1, 5, 1, 1700);
insert into FullTimers (riderId, monthNum, workdayStart, workdayEnd, shiftNum, baseSalary) values (17, 2, 2, 6, 3, 1700);
insert into FullTimers (riderId, monthNum, workdayStart, workdayEnd, shiftNum, baseSalary) values (17, 3, 3, 7, 1, 1700);
insert into FullTimers (riderId, monthNum, workdayStart, workdayEnd, shiftNum, baseSalary) values (17, 4, 2, 6, 2, 1700);
insert into FullTimers (riderId, monthNum, workdayStart, workdayEnd, shiftNum, baseSalary) values (17, 5, 2, 6, 3, 1700);
insert into FullTimers (riderId, monthNum, workdayStart, workdayEnd, shiftNum, baseSalary) values (17, 6, 5, 2, 4, 1700);
insert into FullTimers (riderId, monthNum, workdayStart, workdayEnd, shiftNum, baseSalary) values (17, 7, 1, 5, 3, 1700);
insert into FullTimers (riderId, monthNum, workdayStart, workdayEnd, shiftNum, baseSalary) values (17, 8, 1, 5, 1, 1700);
insert into FullTimers (riderId, monthNum, workdayStart, workdayEnd, shiftNum, baseSalary) values (17, 9, 3, 7, 4, 1700);
insert into FullTimers (riderId, monthNum, workdayStart, workdayEnd, shiftNum, baseSalary) values (17, 10, 2, 6, 3, 1700);
insert into FullTimers (riderId, monthNum, workdayStart, workdayEnd, shiftNum, baseSalary) values (17, 11, 2, 6, 1, 1700);
insert into FullTimers (riderId, monthNum, workdayStart, workdayEnd, shiftNum, baseSalary) values (17, 12, 7, 4, 3, 1700);
insert into FullTimers (riderId, monthNum, workdayStart, workdayEnd, shiftNum, baseSalary) values (17, 13, 2, 6, 1, 1700);
insert into FullTimers (riderId, monthNum, workdayStart, workdayEnd, shiftNum, baseSalary) values (17, 14, 5, 2, 1, 1700);
insert into FullTimers (riderId, monthNum, workdayStart, workdayEnd, shiftNum, baseSalary) values (17, 15, 4, 1, 1, 1700);
insert into FullTimers (riderId, monthNum, workdayStart, workdayEnd, shiftNum, baseSalary) values (17, 16, 1, 5, 2, 1700);
insert into FullTimers (riderId, monthNum, workdayStart, workdayEnd, shiftNum, baseSalary) values (17, 17, 7, 4, 4, 1700);
insert into FullTimers (riderId, monthNum, workdayStart, workdayEnd, shiftNum, baseSalary) values (17, 18, 3, 7, 3, 1700);
insert into FullTimers (riderId, monthNum, workdayStart, workdayEnd, shiftNum, baseSalary) values (17, 19, 3, 7, 3, 1700);
insert into FullTimers (riderId, monthNum, workdayStart, workdayEnd, shiftNum, baseSalary) values (20, 1, 3, 7, 2, 1700);
insert into FullTimers (riderId, monthNum, workdayStart, workdayEnd, shiftNum, baseSalary) values (20, 2, 3, 7, 4, 1700);
insert into FullTimers (riderId, monthNum, workdayStart, workdayEnd, shiftNum, baseSalary) values (20, 3, 6, 3, 3, 1700);
insert into FullTimers (riderId, monthNum, workdayStart, workdayEnd, shiftNum, baseSalary) values (20, 4, 7, 4, 4, 1700);
insert into FullTimers (riderId, monthNum, workdayStart, workdayEnd, shiftNum, baseSalary) values (20, 5, 2, 6, 4, 1700);
insert into FullTimers (riderId, monthNum, workdayStart, workdayEnd, shiftNum, baseSalary) values (20, 6, 1, 5, 1, 1700);
insert into FullTimers (riderId, monthNum, workdayStart, workdayEnd, shiftNum, baseSalary) values (20, 7, 6, 3, 2, 1700);
insert into FullTimers (riderId, monthNum, workdayStart, workdayEnd, shiftNum, baseSalary) values (20, 8, 2, 6, 3, 1700);
insert into FullTimers (riderId, monthNum, workdayStart, workdayEnd, shiftNum, baseSalary) values (20, 9, 2, 6, 4, 1700);
insert into FullTimers (riderId, monthNum, workdayStart, workdayEnd, shiftNum, baseSalary) values (20, 10, 4, 1, 3, 1700);
insert into FullTimers (riderId, monthNum, workdayStart, workdayEnd, shiftNum, baseSalary) values (20, 11, 7, 4, 2, 1700);
insert into FullTimers (riderId, monthNum, workdayStart, workdayEnd, shiftNum, baseSalary) values (20, 12, 3, 7, 2, 1700);
insert into FullTimers (riderId, monthNum, workdayStart, workdayEnd, shiftNum, baseSalary) values (20, 13, 3, 7, 4, 1700);
insert into FullTimers (riderId, monthNum, workdayStart, workdayEnd, shiftNum, baseSalary) values (20, 14, 5, 2, 2, 1700);
insert into FullTimers (riderId, monthNum, workdayStart, workdayEnd, shiftNum, baseSalary) values (20, 15, 6, 3, 4, 1700);
insert into FullTimers (riderId, monthNum, workdayStart, workdayEnd, shiftNum, baseSalary) values (20, 16, 7, 4, 1, 1700);
insert into FullTimers (riderId, monthNum, workdayStart, workdayEnd, shiftNum, baseSalary) values (20, 17, 1, 5, 3, 1700);
insert into FullTimers (riderId, monthNum, workdayStart, workdayEnd, shiftNum, baseSalary) values (20, 18, 7, 4, 2, 1700);
insert into FullTimers (riderId, monthNum, workdayStart, workdayEnd, shiftNum, baseSalary) values (23, 1, 1, 5, 4, 1700);
insert into FullTimers (riderId, monthNum, workdayStart, workdayEnd, shiftNum, baseSalary) values (23, 2, 3, 7, 1, 1700);
insert into FullTimers (riderId, monthNum, workdayStart, workdayEnd, shiftNum, baseSalary) values (23, 3, 4, 1, 3, 1700);
insert into FullTimers (riderId, monthNum, workdayStart, workdayEnd, shiftNum, baseSalary) values (23, 4, 5, 2, 2, 1700);
insert into FullTimers (riderId, monthNum, workdayStart, workdayEnd, shiftNum, baseSalary) values (23, 5, 5, 2, 1, 1700);
insert into FullTimers (riderId, monthNum, workdayStart, workdayEnd, shiftNum, baseSalary) values (23, 6, 7, 4, 1, 1700);
insert into FullTimers (riderId, monthNum, workdayStart, workdayEnd, shiftNum, baseSalary) values (23, 7, 6, 3, 2, 1700);
insert into FullTimers (riderId, monthNum, workdayStart, workdayEnd, shiftNum, baseSalary) values (23, 8, 4, 1, 2, 1700);
insert into FullTimers (riderId, monthNum, workdayStart, workdayEnd, shiftNum, baseSalary) values (23, 9, 4, 1, 2, 1700);
insert into FullTimers (riderId, monthNum, workdayStart, workdayEnd, shiftNum, baseSalary) values (23, 10, 2, 6, 3, 1700);
insert into FullTimers (riderId, monthNum, workdayStart, workdayEnd, shiftNum, baseSalary) values (23, 11, 2, 6, 4, 1700);
insert into FullTimers (riderId, monthNum, workdayStart, workdayEnd, shiftNum, baseSalary) values (23, 12, 4, 1, 2, 1700);
insert into FullTimers (riderId, monthNum, workdayStart, workdayEnd, shiftNum, baseSalary) values (23, 13, 5, 2, 1, 1700);
insert into FullTimers (riderId, monthNum, workdayStart, workdayEnd, shiftNum, baseSalary) values (23, 14, 5, 2, 4, 1700);
insert into FullTimers (riderId, monthNum, workdayStart, workdayEnd, shiftNum, baseSalary) values (23, 15, 1, 5, 1, 1700);
insert into FullTimers (riderId, monthNum, workdayStart, workdayEnd, shiftNum, baseSalary) values (23, 16, 3, 7, 2, 1700);
insert into FullTimers (riderId, monthNum, workdayStart, workdayEnd, shiftNum, baseSalary) values (23, 17, 2, 6, 4, 1700);
insert into FullTimers (riderId, monthNum, workdayStart, workdayEnd, shiftNum, baseSalary) values (23, 18, 6, 3, 4, 1700);
insert into FullTimers (riderId, monthNum, workdayStart, workdayEnd, shiftNum, baseSalary) values (26, 1, 3, 7, 4, 1700);
insert into FullTimers (riderId, monthNum, workdayStart, workdayEnd, shiftNum, baseSalary) values (26, 2, 2, 6, 1, 1700);
insert into FullTimers (riderId, monthNum, workdayStart, workdayEnd, shiftNum, baseSalary) values (26, 3, 4, 1, 2, 1700);
insert into FullTimers (riderId, monthNum, workdayStart, workdayEnd, shiftNum, baseSalary) values (26, 4, 3, 7, 4, 1700);
insert into FullTimers (riderId, monthNum, workdayStart, workdayEnd, shiftNum, baseSalary) values (26, 5, 4, 1, 3, 1700);
insert into FullTimers (riderId, monthNum, workdayStart, workdayEnd, shiftNum, baseSalary) values (26, 6, 7, 4, 1, 1700);
insert into FullTimers (riderId, monthNum, workdayStart, workdayEnd, shiftNum, baseSalary) values (26, 7, 3, 7, 3, 1700);
insert into FullTimers (riderId, monthNum, workdayStart, workdayEnd, shiftNum, baseSalary) values (26, 8, 5, 2, 4, 1700);
insert into FullTimers (riderId, monthNum, workdayStart, workdayEnd, shiftNum, baseSalary) values (26, 9, 4, 1, 4, 1700);
insert into FullTimers (riderId, monthNum, workdayStart, workdayEnd, shiftNum, baseSalary) values (26, 10, 6, 3, 3, 1700);
insert into FullTimers (riderId, monthNum, workdayStart, workdayEnd, shiftNum, baseSalary) values (26, 11, 1, 5, 1, 1700);
insert into FullTimers (riderId, monthNum, workdayStart, workdayEnd, shiftNum, baseSalary) values (26, 12, 5, 2, 4, 1700);
insert into FullTimers (riderId, monthNum, workdayStart, workdayEnd, shiftNum, baseSalary) values (26, 13, 1, 5, 2, 1700);
insert into FullTimers (riderId, monthNum, workdayStart, workdayEnd, shiftNum, baseSalary) values (26, 14, 6, 3, 1, 1700);
insert into FullTimers (riderId, monthNum, workdayStart, workdayEnd, shiftNum, baseSalary) values (26, 15, 2, 6, 4, 1700);
insert into FullTimers (riderId, monthNum, workdayStart, workdayEnd, shiftNum, baseSalary) values (28, 1, 2, 6, 4, 1700);
insert into FullTimers (riderId, monthNum, workdayStart, workdayEnd, shiftNum, baseSalary) values (28, 2, 6, 3, 3, 1700);
insert into FullTimers (riderId, monthNum, workdayStart, workdayEnd, shiftNum, baseSalary) values (28, 3, 6, 3, 2, 1700);
insert into FullTimers (riderId, monthNum, workdayStart, workdayEnd, shiftNum, baseSalary) values (28, 4, 7, 4, 2, 1700);
insert into FullTimers (riderId, monthNum, workdayStart, workdayEnd, shiftNum, baseSalary) values (28, 5, 2, 6, 2, 1700);
insert into FullTimers (riderId, monthNum, workdayStart, workdayEnd, shiftNum, baseSalary) values (28, 6, 1, 5, 3, 1700);
insert into FullTimers (riderId, monthNum, workdayStart, workdayEnd, shiftNum, baseSalary) values (28, 7, 5, 2, 1, 1700);
insert into FullTimers (riderId, monthNum, workdayStart, workdayEnd, shiftNum, baseSalary) values (28, 8, 3, 7, 4, 1700);
insert into FullTimers (riderId, monthNum, workdayStart, workdayEnd, shiftNum, baseSalary) values (28, 9, 4, 1, 3, 1700);
insert into FullTimers (riderId, monthNum, workdayStart, workdayEnd, shiftNum, baseSalary) values (28, 10, 1, 5, 1, 1700);
insert into FullTimers (riderId, monthNum, workdayStart, workdayEnd, shiftNum, baseSalary) values (28, 11, 6, 3, 3, 1700);
insert into FullTimers (riderId, monthNum, workdayStart, workdayEnd, shiftNum, baseSalary) values (28, 12, 3, 7, 2, 1700);
insert into FullTimers (riderId, monthNum, workdayStart, workdayEnd, shiftNum, baseSalary) values (28, 13, 1, 5, 4, 1700);
insert into FullTimers (riderId, monthNum, workdayStart, workdayEnd, shiftNum, baseSalary) values (28, 14, 1, 5, 3, 1700);
insert into FullTimers (riderId, monthNum, workdayStart, workdayEnd, shiftNum, baseSalary) values (28, 15, 1, 5, 4, 1700);
insert into FullTimers (riderId, monthNum, workdayStart, workdayEnd, shiftNum, baseSalary) values (29, 1, 1, 5, 1, 1700);
insert into FullTimers (riderId, monthNum, workdayStart, workdayEnd, shiftNum, baseSalary) values (29, 2, 1, 5, 2, 1700);
insert into FullTimers (riderId, monthNum, workdayStart, workdayEnd, shiftNum, baseSalary) values (29, 3, 7, 4, 1, 1700);
insert into FullTimers (riderId, monthNum, workdayStart, workdayEnd, shiftNum, baseSalary) values (29, 4, 5, 2, 3, 1700);
insert into FullTimers (riderId, monthNum, workdayStart, workdayEnd, shiftNum, baseSalary) values (29, 5, 7, 4, 2, 1700);
insert into FullTimers (riderId, monthNum, workdayStart, workdayEnd, shiftNum, baseSalary) values (29, 6, 5, 2, 4, 1700);
insert into FullTimers (riderId, monthNum, workdayStart, workdayEnd, shiftNum, baseSalary) values (29, 7, 3, 7, 1, 1700);
insert into FullTimers (riderId, monthNum, workdayStart, workdayEnd, shiftNum, baseSalary) values (29, 8, 1, 5, 1, 1700);
insert into FullTimers (riderId, monthNum, workdayStart, workdayEnd, shiftNum, baseSalary) values (29, 9, 4, 1, 2, 1700);
insert into FullTimers (riderId, monthNum, workdayStart, workdayEnd, shiftNum, baseSalary) values (29, 10, 6, 3, 2, 1700);
insert into FullTimers (riderId, monthNum, workdayStart, workdayEnd, shiftNum, baseSalary) values (29, 11, 4, 1, 4, 1700);
insert into FullTimers (riderId, monthNum, workdayStart, workdayEnd, shiftNum, baseSalary) values (29, 12, 4, 1, 4, 1700);
insert into FullTimers (riderId, monthNum, workdayStart, workdayEnd, shiftNum, baseSalary) values (29, 13, 2, 6, 4, 1700);
insert into FullTimers (riderId, monthNum, workdayStart, workdayEnd, shiftNum, baseSalary) values (29, 14, 2, 6, 3, 1700);
insert into FullTimers (riderId, monthNum, workdayStart, workdayEnd, shiftNum, baseSalary) values (29, 15, 5, 2, 3, 1700);
