insert into Customers (customerId, first_name, last_name, accumulatedPoints, usedPoints, beginMonth) values (1, 'Garry', 'Woodall', 648, 918, 11);
insert into Customers (customerId, first_name, last_name, accumulatedPoints, usedPoints, beginMonth) values (2, 'Giorgio', 'Varvell', 148, 912, 2);
insert into Customers (customerId, first_name, last_name, accumulatedPoints, usedPoints, beginMonth) values (3, 'Florida', 'Schmuhl', 219, 671, 1);
insert into Customers (customerId, first_name, last_name, accumulatedPoints, usedPoints, beginMonth) values (4, 'Maryann', 'Stoddart', 389, 654, 3);
insert into Customers (customerId, first_name, last_name, accumulatedPoints, usedPoints, beginMonth) values (5, 'Kaine', 'Barenskie', 182, 591, 12);
insert into Customers (customerId, first_name, last_name, accumulatedPoints, usedPoints, beginMonth) values (6, 'Lorettalorna', 'DelaField', 690, 604, 8);
insert into Customers (customerId, first_name, last_name, accumulatedPoints, usedPoints, beginMonth) values (7, 'Vance', 'Band', 974, 176, 10);
insert into Customers (customerId, first_name, last_name, accumulatedPoints, usedPoints, beginMonth) values (8, 'Molli', 'Barkly', 25, 704, 1);
insert into Customers (customerId, first_name, last_name, accumulatedPoints, usedPoints, beginMonth) values (9, 'Cassy', 'Letteresse', 452, 655, 8);
insert into Customers (customerId, first_name, last_name, accumulatedPoints, usedPoints, beginMonth) values (10, 'Gertie', 'Courson', 593, 458, 8);
insert into Customers (customerId, first_name, last_name, accumulatedPoints, usedPoints, beginMonth) values (11, 'Linzy', 'Maiden', 764, 656, 4);
insert into Customers (customerId, first_name, last_name, accumulatedPoints, usedPoints, beginMonth) values (12, 'Eziechiele', 'Trevallion', 425, 731, 2);
insert into Customers (customerId, first_name, last_name, accumulatedPoints, usedPoints, beginMonth) values (13, 'Jasen', 'Schimon', 410, 314, 11);
insert into Customers (customerId, first_name, last_name, accumulatedPoints, usedPoints, beginMonth) values (14, 'Gabbey', 'Dury', 587, 776, 5);
insert into Customers (customerId, first_name, last_name, accumulatedPoints, usedPoints, beginMonth) values (15, 'Lilian', 'McAdam', 288, 793, 1);
insert into Customers (customerId, first_name, last_name, accumulatedPoints, usedPoints, beginMonth) values (16, 'Cyrus', 'Scherer', 901, 317, 11);
insert into Customers (customerId, first_name, last_name, accumulatedPoints, usedPoints, beginMonth) values (17, 'Leland', 'Juszczak', 927, 512, 6);
insert into Customers (customerId, first_name, last_name, accumulatedPoints, usedPoints, beginMonth) values (18, 'Trever', 'Meadmore', 310, 361, 4);
insert into Customers (customerId, first_name, last_name, accumulatedPoints, usedPoints, beginMonth) values (19, 'Dene', 'Milliere', 501, 995, 10);
insert into Customers (customerId, first_name, last_name, accumulatedPoints, usedPoints, beginMonth) values (20, 'Alaric', 'Gulc', 911, 55, 3);
insert into Customers (customerId, first_name, last_name, accumulatedPoints, usedPoints, beginMonth) values (21, 'Yevette', 'Lydford', 763, 207, 4);
insert into Customers (customerId, first_name, last_name, accumulatedPoints, usedPoints, beginMonth) values (22, 'Noak', 'Gumery', 870, 51, 3);
insert into Customers (customerId, first_name, last_name, accumulatedPoints, usedPoints, beginMonth) values (23, 'Welch', 'Draysay', 617, 646, 8);
insert into Customers (customerId, first_name, last_name, accumulatedPoints, usedPoints, beginMonth) values (24, 'Myrle', 'Kilalea', 472, 933, 12);
insert into Customers (customerId, first_name, last_name, accumulatedPoints, usedPoints, beginMonth) values (25, 'Martie', 'Lortzing', 476, 213, 8);
insert into Customers (customerId, first_name, last_name, accumulatedPoints, usedPoints, beginMonth) values (26, 'Cecil', 'Load', 989, 372, 8);
insert into Customers (customerId, first_name, last_name, accumulatedPoints, usedPoints, beginMonth) values (27, 'Ermanno', 'Kincaid', 891, 756, 5);
insert into Customers (customerId, first_name, last_name, accumulatedPoints, usedPoints, beginMonth) values (28, 'Fredelia', 'Buse', 636, 125, 8);
insert into Customers (customerId, first_name, last_name, accumulatedPoints, usedPoints, beginMonth) values (29, 'Andonis', 'Partrick', 284, 331, 1);
insert into Customers (customerId, first_name, last_name, accumulatedPoints, usedPoints, beginMonth) values (30, 'Moishe', 'Bray', 748, 436, 5);

insert into Employees (employeeId, employmentType, totalMonthlySalary, name) values (1, "manager", 3500, "Aria");
insert into Employees (employeeId, employmentType, totalMonthlySalary, name) values (2, "fullRider", 1841, "Jack");
insert into Employees (employeeId, employmentType, totalMonthlySalary, name) values (3, "partRider", 500, "Leon");
insert into Employees (employeeId, employmentType, totalMonthlySalary, name) values (4, "manager", 3500, "Samuel");
insert into Employees (employeeId, employmentType, totalMonthlySalary, name) values (5, "fullRider", 1993, "Joseph");
insert into Employees (employeeId, employmentType, totalMonthlySalary, name) values (6, "partRider", 375, "Zachary");
insert into Employees (employeeId, employmentType, totalMonthlySalary, name) values (7, "manager", 3500, "Dylan");
insert into Employees (employeeId, employmentType, totalMonthlySalary, name) values (8, "fullRider", 1896, "Lewis");
insert into Employees (employeeId, employmentType, totalMonthlySalary, name) values (9, "partRider", 450, "Kieran");
insert into Employees (employeeId, employmentType, totalMonthlySalary, name) values (10, "manager", 3500, "Alex");
insert into Employees (employeeId, employmentType, totalMonthlySalary, name) values (11, "fullRider", 1851, "Ethan");
insert into Employees (employeeId, employmentType, totalMonthlySalary, name) values (12, "partRider", 650, "Bailey");
insert into Employees (employeeId, employmentType, totalMonthlySalary, name) values (13, "manager", 3500, "Isaac");
insert into Employees (employeeId, employmentType, totalMonthlySalary, name) values (14, "fullRider", 1838, "Ryan");
insert into Employees (employeeId, employmentType, totalMonthlySalary, name) values (15, "partRider", 360, "Sam");
insert into Employees (employeeId, employmentType, totalMonthlySalary, name) values (16, "manager", 3500, "Aaron");
insert into Employees (employeeId, employmentType, totalMonthlySalary, name) values (17, "fullRider", 1891, "Oscar");
insert into Employees (employeeId, employmentType, totalMonthlySalary, name) values (18, "partRider", 460, "Taylor");
insert into Employees (employeeId, employmentType, totalMonthlySalary, name) values (19, "manager", 3500, "Kai");
insert into Employees (employeeId, employmentType, totalMonthlySalary, name) values (20, "fullRider", 1809, "Archie");
insert into Employees (employeeId, employmentType, totalMonthlySalary, name) values (21, "partRider", 595, "Kian");
insert into Employees (employeeId, employmentType, totalMonthlySalary, name) values (22, "manager", 3500, "Ashton");
insert into Employees (employeeId, employmentType, totalMonthlySalary, name) values (23, "fullRider", 2098, "Callum");
insert into Employees (employeeId, employmentType, totalMonthlySalary, name) values (24, "partRider", 275, "Elliot");
insert into Employees (employeeId, employmentType, totalMonthlySalary, name) values (25, "partRider", 665, "Blake");
insert into Employees (employeeId, employmentType, totalMonthlySalary, name) values (26, "fullRider", 1866, "Luke");
insert into Employees (employeeId, employmentType, totalMonthlySalary, name) values (27, "partRider", 690, "Ewan");
insert into Employees (employeeId, employmentType, totalMonthlySalary, name) values (28, "fullRider", 1990, "Jay");
insert into Employees (employeeId, employmentType, totalMonthlySalary, name) values (29, "fullRider", 1970, "Connor");
insert into Employees (employeeId, employmentType, totalMonthlySalary, name) values (30, "partRider", 800, "Sean");

insert into Restaurant (restaurantId, area, name, minSpendingAmt) values (1, 'North', 'Burgils');
insert into Restaurant (restaurantId, area, name, minSpendingAmt) values (2, 'North', 'Spago');
insert into Restaurant (restaurantId, area, name, minSpendingAmt) values (3, 'North', 'Maxican Grills', 10);
insert into Restaurant (restaurantId, area, name, minSpendingAmt) values (4, 'North', 'The Gourmet Kitchen', 10);
insert into Restaurant (restaurantId, area, name, minSpendingAmt) values (5, 'North', 'Pink Sugar', 10);
insert into Restaurant (restaurantId, area, name, minSpendingAmt) values (6, 'North', 'Lord Of Fries', 10);
insert into Restaurant (restaurantId, area, name, minSpendingAmt) values (7, 'North', 'Thai Me Up Restaurant', 10);
insert into Restaurant (restaurantId, area, name, minSpendingAmt) values (8, 'North', 'Pho Shizzle', 10);
insert into Restaurant (restaurantId, area, name, minSpendingAmt) values (9, 'North', 'Ninja Akasaka', 10);
insert into Restaurant (restaurantId, area, name, minSpendingAmt) values (10, 'South', 'Chill Out', 10);
insert into Restaurant (restaurantId, area, name, minSpendingAmt) values (11, 'South', 'The Lockhart', 10);
insert into Restaurant (restaurantId, area, name, minSpendingAmt) values (12, 'South', 'Garden of Eat', 10);
insert into Restaurant (restaurantId, area, name, minSpendingAmt) values (13, 'South', 'Pies n Tighs', 10);
insert into Restaurant (restaurantId, area, name, minSpendingAmt) values (14, 'South', 'Dough Doughnuts', 10);
insert into Restaurant (restaurantId, area, name, minSpendingAmt) values (15, 'South', 'Pita Pans', 10);
insert into Restaurant (restaurantId, area, name, minSpendingAmt) values (16, 'South', 'Pot Au Feu', 10);
insert into Restaurant (restaurantId, area, name, minSpendingAmt) values (17, 'South', 'Duke Seafood', 10);
insert into Restaurant (restaurantId, area, name, minSpendingAmt) values (18, 'South', 'The French Gourmet', 10);
insert into Restaurant (restaurantId, area, name, minSpendingAmt) values (19, 'East', 'Little Pleasures', 10);
insert into Restaurant (restaurantId, area, name, minSpendingAmt) values (20, 'East', 'Planet O The Crepes', 10);
insert into Restaurant (restaurantId, area, name, minSpendingAmt) values (21, 'East', 'The Daily Cut', 10);
insert into Restaurant (restaurantId, area, name, minSpendingAmt) values (22, 'East', 'Wish You Were Beer', 10);
insert into Restaurant (restaurantId, area, name, minSpendingAmt) values (23, 'East', 'Burger & Beer Joint', 10);
insert into Restaurant (restaurantId, area, name, minSpendingAmt) values (24, 'East', 'Daily Grill', 10);
insert into Restaurant (restaurantId, area, name, minSpendingAmt) values (25, 'East', 'Hot & Crusty', 10);
insert into Restaurant (restaurantId, area, name, minSpendingAmt) values (26, 'West', 'The Deck', 10);
insert into Restaurant (restaurantId, area, name, minSpendingAmt) values (27, 'West', 'Waterbar Restaurant', 10);
insert into Restaurant (restaurantId, area, name, minSpendingAmt) values (28, 'West', 'Brewed Awakening', 10);
insert into Restaurant (restaurantId, area, name, minSpendingAmt) values (29, 'West', 'Mamas Fish House', 10);
insert into Restaurant (restaurantId, area, name, minSpendingAmt) values (30, 'West', 'The Egg & Us', 10);
insert into Restaurant (restaurantId, area, name, minSpendingAmt) values (31, 'West', 'Excellent Experience', 15);
insert into Restaurant (restaurantId, area, name, minSpendingAmt) values (32, 'West', 'Dine Fine', 15);
insert into Restaurant (restaurantId, area, name, minSpendingAmt) values (33, 'West', 'Finest Dining', 15);
insert into Restaurant (restaurantId, area, name, minSpendingAmt) values (34, 'West', 'Dinner Club', 15);
insert into Restaurant (restaurantId, area, name, minSpendingAmt) values (35, 'West', 'Dine Dime', 15);
insert into Restaurant (restaurantId, area, name, minSpendingAmt) values (36, 'West', 'On The Dime Dining', 15);
insert into Restaurant (restaurantId, area, name, minSpendingAmt) values (37, 'West', 'Rocket Restaurant', 15);
insert into Restaurant (restaurantId, area, name, minSpendingAmt) values (38, 'West', 'ForkFull', 15);
insert into Restaurant (restaurantId, area, name, minSpendingAmt) values (39, 'West', 'Perfect Place', 15);
insert into Restaurant (restaurantId, area, name, minSpendingAmt) values (40, 'West', 'Kitchen Office', 15);
insert into Restaurant (restaurantId, area, name, minSpendingAmt) values (41, 'West', 'Dining Divas', 15);
insert into Restaurant (restaurantId, area, name, minSpendingAmt) values (42, 'West', 'Kitchen Corral', 15);
insert into Restaurant (restaurantId, area, name, minSpendingAmt) values (43, 'West', 'Before The Bistro', 15);
insert into Restaurant (restaurantId, area, name, minSpendingAmt) values (44, 'West', 'Food Formula', 15);
insert into Restaurant (restaurantId, area, name, minSpendingAmt) values (45, 'West', 'Dining Delight', 15);
insert into Restaurant (restaurantId, area, name, minSpendingAmt) values (46, 'West', 'Food Factory', 15);
insert into Restaurant (restaurantId, area, name, minSpendingAmt) values (47, 'West', 'Bites', 15);
insert into Restaurant (restaurantId, area, name, minSpendingAmt) values (48, 'West', 'Love Shacks Food', 15);
insert into Restaurant (restaurantId, area, name, minSpendingAmt) values (49, 'West', 'Bugers And Stuff', 15);
insert into Restaurant (restaurantId, area, name, minSpendingAmt) values (50, 'West', 'Food Galore', 15);
insert into Restaurant (restaurantId, area, name, minSpendingAmt) values (51, 'West', 'Crablegs Baby', 15);
insert into Restaurant (restaurantId, area, name, minSpendingAmt) values (52, 'West', 'Weheartfood', 15);
insert into Restaurant (restaurantId, area, name, minSpendingAmt) values (53, 'West', 'Bacon Babe Burgers', 15);
insert into Restaurant (restaurantId, area, name, minSpendingAmt) values (54, 'West', 'Chow Down', 15);
insert into Restaurant (restaurantId, area, name, minSpendingAmt) values (55, 'West', 'Kino Sushi', 15);
insert into Restaurant (restaurantId, area, name, minSpendingAmt) values (56, 'West', 'The Mushroomhead', 15);
insert into Restaurant (restaurantId, area, name, minSpendingAmt) values (57, 'West', 'Beerburgers', 15);
insert into Restaurant (restaurantId, area, name, minSpendingAmt) values (58, 'West', 'Vegans Come Here', 15);
insert into Restaurant (restaurantId, area, name, minSpendingAmt) values (59, 'West', 'Table Tops', 15);
insert into Restaurant (restaurantId, area, name, minSpendingAmt) values (60, 'West', 'Moonlight Eats', 15);
insert into Restaurant (restaurantId, area, name, minSpendingAmt) values (61, 'East', 'Hot Ones', 10);
insert into Restaurant (restaurantId, area, name, minSpendingAmt) values (62, 'East', 'Grit And Griddles', 10);
insert into Restaurant (restaurantId, area, name, minSpendingAmt) values (63, 'East', 'Midtown Goodies', 10);
insert into Restaurant (restaurantId, area, name, minSpendingAmt) values (64, 'East', 'SLoopy Eats', 10);
insert into Restaurant (restaurantId, area, name, minSpendingAmt) values (65, 'East', 'Breakfast Champs', 10);
insert into Restaurant (restaurantId, area, name, minSpendingAmt) values (66, 'East', 'Grub And Hud', 10);
insert into Restaurant (restaurantId, area, name, minSpendingAmt) values (67, 'East', 'Flame On', 10);
insert into Restaurant (restaurantId, area, name, minSpendingAmt) values (68, 'East', 'All The Lights', 10);
insert into Restaurant (restaurantId, area, name, minSpendingAmt) values (69, 'East', 'Full Belly Bellas', 10);
insert into Restaurant (restaurantId, area, name, minSpendingAmt) values (70, 'East', 'Snackpacks', 10);
insert into Restaurant (restaurantId, area, name, minSpendingAmt) values (71, 'East', 'Foodstuff', 10);
insert into Restaurant (restaurantId, area, name, minSpendingAmt) values (72, 'East', 'Bread And Butter', 10);
insert into Restaurant (restaurantId, area, name, minSpendingAmt) values (73, 'East', 'Boogiebites', 10);
insert into Restaurant (restaurantId, area, name, minSpendingAmt) values (74, 'East', 'Mess Hall', 10);
insert into Restaurant (restaurantId, area, name, minSpendingAmt) values (75, 'East', '5 Min Cafe', 10);
insert into Restaurant (restaurantId, area, name, minSpendingAmt) values (76, 'East', 'Jade Dragon', 10);
insert into Restaurant (restaurantId, area, name, minSpendingAmt) values (77, 'East', 'Sliver River', 10);
insert into Restaurant (restaurantId, area, name, minSpendingAmt) values (78, 'East', 'Foodland', 10);
insert into Restaurant (restaurantId, area, name, minSpendingAmt) values (79, 'East', 'Tasty Time', 10);
insert into Restaurant (restaurantId, area, name, minSpendingAmt) values (80, 'East', 'Tasty Things', 10);
insert into Restaurant (restaurantId, area, name, minSpendingAmt) values (81, 'East', 'Nine Seas', 10);
insert into Restaurant (restaurantId, area, name, minSpendingAmt) values (82, 'East', 'Five Oceans', 10);
insert into Restaurant (restaurantId, area, name, minSpendingAmt) values (83, 'East', 'Yellow Submarine', 10);
insert into Restaurant (restaurantId, area, name, minSpendingAmt) values (84, 'East', 'Good Food', 10);
insert into Restaurant (restaurantId, area, name, minSpendingAmt) values (85, 'South', 'Plane Grill');
insert into Restaurant (restaurantId, area, name, minSpendingAmt) values (86, 'South', 'BBQ Night');
insert into Restaurant (restaurantId, area, name, minSpendingAmt) values (87, 'South', 'Green Land');
insert into Restaurant (restaurantId, area, name, minSpendingAmt) values (88, 'South', 'Perfect Dish');
insert into Restaurant (restaurantId, area, name, minSpendingAmt) values (89, 'South', 'Your Cook');
insert into Restaurant (restaurantId, area, name, minSpendingAmt) values (90, 'South', 'Big Table');
insert into Restaurant (restaurantId, area, name, minSpendingAmt) values (91, 'South', 'That Restaurant');
insert into Restaurant (restaurantId, area, name, minSpendingAmt) values (92, 'South', 'American Pie');
insert into Restaurant (restaurantId, area, name, minSpendingAmt) values (93, 'South', 'Rock n Roll Cafe');
insert into Restaurant (restaurantId, area, name, minSpendingAmt) values (94, 'South', 'Coffee And Cake');
insert into Restaurant (restaurantId, area, name, minSpendingAmt) values (95, 'South', 'Spaghetti House');
insert into Restaurant (restaurantId, area, name, minSpendingAmt) values (96, 'South', 'Good Taste');
insert into Restaurant (restaurantId, area, name, minSpendingAmt) values (97, 'South', 'Breakfast House');
insert into Restaurant (restaurantId, area, name, minSpendingAmt) values (98, 'South', 'Yummy Yummy');
insert into Restaurant (restaurantId, area, name, minSpendingAmt) values (99, 'South', 'Food Villa');
insert into Restaurant (restaurantId, area, name, minSpendingAmt) values (100, 'South', 'Pie Up');
insert into Restaurant (restaurantId, area, name, minSpendingAmt) values (101, 'South', 'Daily Delight');
insert into Restaurant (restaurantId, area, name, minSpendingAmt) values (102, 'South', 'Mad Chicken');
insert into Restaurant (restaurantId, area, name, minSpendingAmt) values (103, 'South', 'The Corner House');
insert into Restaurant (restaurantId, area, name, minSpendingAmt) values (104, 'South', 'Food Town');
insert into Restaurant (restaurantId, area, name, minSpendingAmt) values (105, 'South', 'Bella Kitchen');
insert into Restaurant (restaurantId, area, name, minSpendingAmt) values (106, 'South', 'Feel Hungry?');
insert into Restaurant (restaurantId, area, name, minSpendingAmt) values (107, 'North', 'Food Connect', 5);
insert into Restaurant (restaurantId, area, name, minSpendingAmt) values (108, 'North', 'Hot Box', 5);
insert into Restaurant (restaurantId, area, name, minSpendingAmt) values (109, 'North', 'Morning Bliss', 5);
insert into Restaurant (restaurantId, area, name, minSpendingAmt) values (110, 'North', 'Food Addict', 5);
insert into Restaurant (restaurantId, area, name, minSpendingAmt) values (111, 'North', 'Hot Risotto', 5);
insert into Restaurant (restaurantId, area, name, minSpendingAmt) values (112, 'North', 'Cafe And Music', 5);
insert into Restaurant (restaurantId, area, name, minSpendingAmt) values (113, 'North', 'Delicious Bites', 5);
insert into Restaurant (restaurantId, area, name, minSpendingAmt) values (114, 'North', 'Chessy Bites', 5);
insert into Restaurant (restaurantId, area, name, minSpendingAmt) values (115, 'North', 'Gofoodie', 5);
insert into Restaurant (restaurantId, area, name, minSpendingAmt) values (116, 'North', 'Gem Cafe', 5);
insert into Restaurant (restaurantId, area, name, minSpendingAmt) values (117, 'North', 'The Dining Room', 5);
insert into Restaurant (restaurantId, area, name, minSpendingAmt) values (118, 'North', 'Crown Crest', 5);
insert into Restaurant (restaurantId, area, name, minSpendingAmt) values (119, 'North', 'Sunrise Cafe', 5);
insert into Restaurant (restaurantId, area, name, minSpendingAmt) values (120, 'North', 'Food Republic', 5);
insert into Restaurant (restaurantId, area, name, minSpendingAmt) values (121, 'North', 'Yoyo Restaurant', 5);
insert into Restaurant (restaurantId, area, name, minSpendingAmt) values (122, 'North', 'Tims Restaurant', 5);

insert into Promotions (promoId, startDate, endDate, discountPerc, discountAmt) values (1, '2020-04-01', '2020-04-10', 20, 0);
insert into Promotions (promoId, startDate, endDate, discountPerc, discountAmt) values (2, '2020-05-01', '2020-05-20', 25, 0);
insert into Promotions (promoId, startDate, endDate, discountPerc, discountAmt) values (3, '2020-05-21', '2020-05-31', 10, 0);
insert into Promotions (promoId, startDate, endDate, discountPerc, discountAmt) values (4, '2020-06-01', '2020-08-01', 5, 0);
insert into Promotions (promoId, startDate, endDate, discountPerc, discountAmt) values (5, '2020-08-02', '2020-08-31', 15, 0);
insert into Promotions (promoId, startDate, endDate, discountPerc, discountAmt) values (6, '2020-08-09', '2020-08-09', 30, 0);
insert into Promotions (promoId, startDate, endDate, discountPerc, discountAmt) values (7, '2020-09-01', '2020-09-15', 35, 0);
insert into Promotions (promoId, startDate, endDate, discountPerc, discountAmt) values (8, '2020-09-16', '2020-10-05', 3, 0);
insert into Promotions (promoId, startDate, endDate, discountPerc, discountAmt) values (9, '2020-10-25', '2020-10-25', 12, 0);
insert into Promotions (promoId, startDate, endDate, discountPerc, discountAmt) values (10, '2020-11-01', '2020-11-08', 2, 0);
insert into Promotions (promoId, startDate, endDate, discountPerc, discountAmt) values (11, '2020-12-25', '2020-12-25', 20, 0);
insert into Promotions (promoId, startDate, endDate, discountPerc, discountAmt) values (12, '2020-12-24', '2020-12-24', 15, 0);
insert into Promotions (promoId, startDate, endDate, discountPerc, discountAmt) values (13, '2021-01-01', '2021-01-01', 35, 0);
insert into Promotions (promoId, startDate, endDate, discountPerc, discountAmt) values (14, '2020-12-31', '2020-12-31', 30, 0);
insert into Promotions (promoId, startDate, endDate, discountPerc, discountAmt) values (15, '2021-01-01', '2020-01-31', 5, 0);
insert into Promotions (promoId, startDate, endDate, discountPerc, discountAmt) values (16, '2021-04-01', '2021-05-01', 0, 10);
insert into Promotions (promoId, startDate, endDate, discountPerc, discountAmt) values (17, '2021-05-20', '2021-05-31', 0, 12);
insert into Promotions (promoId, startDate, endDate, discountPerc, discountAmt) values (18, '2021-06-10', '2021-06-15', 0, 25);
insert into Promotions (promoId, startDate, endDate, discountPerc, discountAmt) values (19, '2021-07-05', '2020-07-10', 0, 30);
insert into Promotions (promoId, startDate, endDate, discountPerc, discountAmt) values (20, '2021-07-31', '2021-08-10', 0, 10);
insert into Promotions (promoId, startDate, endDate, discountPerc, discountAmt) values (21, '2021-09-01', '2021-09-10', 0, 15);
insert into Promotions (promoId, startDate, endDate, discountPerc, discountAmt) values (22, '2021-10-01', '2021-10-01', 0, 20);
insert into Promotions (promoId, startDate, endDate, discountPerc, discountAmt) values (23, '2021-10-22', '2021-10-25', 0, 5);
insert into Promotions (promoId, startDate, endDate, discountPerc, discountAmt) values (24, '2021-11-01', '2020-11-06', 0, 10);
insert into Promotions (promoId, startDate, endDate, discountPerc, discountAmt) values (25, '2021-03-01', '2021-04-01', 50, 0);
insert into Promotions (promoId, startDate, endDate, discountPerc, discountAmt) values (26, '2021-04-04', '2021-04-04', 25, 0);
insert into Promotions (promoId, startDate, endDate, discountPerc, discountAmt) values (27, '2021-12-22', '2021-12-25', 10, 0);
insert into Promotions (promoId, startDate, endDate, discountPerc, discountAmt) values (28, '2022-01-01', '2020-05-01', 25, 0);
insert into Promotions (promoId, startDate, endDate, discountPerc, discountAmt) values (29, '2022-05-31', '2020-06-01', 15, 0);
insert into Promotions (promoId, startDate, endDate, discountPerc, discountAmt) values (30, '2022-10-01', '2022-11-01', 20, 0);
insert into Promotions (promoId, startDate, endDate, discountPerc, discountAmt) values (31, '2020-05-01', '2020-05-10', 0, 5);
insert into Promotions (promoId, startDate, endDate, discountPerc, discountAmt) values (32, '2020-05-10', '2020-05-20', 0, 5);
insert into Promotions (promoId, startDate, endDate, discountPerc, discountAmt) values (33, '2020-05-20', '2020-05-31', 0, 5);
insert into Promotions (promoId, startDate, endDate, discountPerc, discountAmt) values (34, '2020-05-01', '2020-05-10', 0, 5);
insert into Promotions (promoId, startDate, endDate, discountPerc, discountAmt) values (35, '2020-04-01', '2020-06-10', 0, 5);
insert into Promotions (promoId, startDate, endDate, discountPerc, discountAmt) values (36, '2020-05-22', '2020-06-22', 0, 5);
insert into Promotions (promoId, startDate, endDate, discountPerc, discountAmt) values (37, '2020-05-11', '2020-05-11', 0, 5);
insert into Promotions (promoId, startDate, endDate, discountPerc, discountAmt) values (38, '2020-05-10', '2020-05-31', 0, 5);
insert into Promotions (promoId, startDate, endDate, discountPerc, discountAmt) values (39, '2020-04-22', '2020-05-22', 0, 5);
insert into Promotions (promoId, startDate, endDate, discountPerc, discountAmt) values (40, '2020-05-20', '2020-05-25', 0, 5);
insert into Promotions (promoId, startDate, endDate, discountPerc, discountAmt) values (41, '2020-05-01', '2020-05-31', 0, 5);
insert into Promotions (promoId, startDate, endDate, discountPerc, discountAmt) values (42, '2020-07-01', '2020-07-10', 0, 5);
insert into Promotions (promoId, startDate, endDate, discountPerc, discountAmt) values (43, '2020-06-01', '2020-06-15', 0, 5);
insert into Promotions (promoId, startDate, endDate, discountPerc, discountAmt) values (44, '2020-05-15', '2020-05-30', 0, 5);
insert into Promotions (promoId, startDate, endDate, discountPerc, discountAmt) values (45, '2020-07-01', '2020-10-10', 0, 5);
insert into Promotions (promoId, startDate, endDate, discountPerc, discountAmt) values (46, '2020-04-01', '2020-05-11', 0, 5);
insert into Promotions (promoId, startDate, endDate, discountPerc, discountAmt) values (47, '2020-08-08', '2020-08-09', 0, 5);
insert into Promotions (promoId, startDate, endDate, discountPerc, discountAmt) values (48, '2020-08-01', '2020-10-10', 0, 5);
insert into Promotions (promoId, startDate, endDate, discountPerc, discountAmt) values (49, '2020-06-01', '2020-06-31', 0, 5);
insert into Promotions (promoId, startDate, endDate, discountPerc, discountAmt) values (50, '2020-04-31', '2020-05-15', 0, 10);
insert into Promotions (promoId, startDate, endDate, discountPerc, discountAmt) values (51, '2020-04-01', '2020-04-22', 0, 10);
insert into Promotions (promoId, startDate, endDate, discountPerc, discountAmt) values (52, '2020-10-01', '2020-10-10', 0, 10);
insert into Promotions (promoId, startDate, endDate, discountPerc, discountAmt) values (53, '2020-09-10', '2020-10-15', 0, 10);
insert into Promotions (promoId, startDate, endDate, discountPerc, discountAmt) values (54, '2020-05-01', '2020-05-19', 0, 12);
insert into Promotions (promoId, startDate, endDate, discountPerc, discountAmt) values (55, '2020-12-01', '2020-12-15', 0, 12);
insert into Promotions (promoId, startDate, endDate, discountPerc, discountAmt) values (56, '2020-12-31', '2021-01-01', 0, 12);
insert into Promotions (promoId, startDate, endDate, discountPerc, discountAmt) values (57, '2020-09-15', '2020-09-30', 0, 12);
insert into Promotions (promoId, startDate, endDate, discountPerc, discountAmt) values (58, '2020-05-01', '2020-05-01', 0, 12);
insert into Promotions (promoId, startDate, endDate, discountPerc, discountAmt) values (59, '2020-06-18', '2020-06-25', 0, 12);
insert into Promotions (promoId, startDate, endDate, discountPerc, discountAmt) values (60, '2020-08-01', '2020-08-10', 0, 12);
insert into Promotions (promoId, startDate, endDate, discountPerc, discountAmt) values (61, '2020-07-14', '2020-07-21', 0, 12);
insert into Promotions (promoId, startDate, endDate, discountPerc, discountAmt) values (62, '2020-09-05', '2020-10-05', 0, 12);
insert into Promotions (promoId, startDate, endDate, discountPerc, discountAmt) values (63, '2020-05-12', '2020-05-31', 0, 15);
insert into Promotions (promoId, startDate, endDate, discountPerc, discountAmt) values (64, '2021-01-10', '2021-01-31', 0, 15);
insert into Promotions (promoId, startDate, endDate, discountPerc, discountAmt) values (65, '2020-09-01', '2020-09-10', 0, 15);
insert into Promotions (promoId, startDate, endDate, discountPerc, discountAmt) values (66, '2020-06-22', '2020-06-31', 20, 0);
insert into Promotions (promoId, startDate, endDate, discountPerc, discountAmt) values (67, '2020-06-15', '2020-06-20', 20, 0);
insert into Promotions (promoId, startDate, endDate, discountPerc, discountAmt) values (68, '2020-05-01', '2020-05-01', 20, 0);
insert into Promotions (promoId, startDate, endDate, discountPerc, discountAmt) values (69, '2020-07-12', '2020-07-15', 20, 0);
insert into Promotions (promoId, startDate, endDate, discountPerc, discountAmt) values (70, '2020-06-01', '2020-06-05', 20, 0);
insert into Promotions (promoId, startDate, endDate, discountPerc, discountAmt) values (71, '2020-05-05', '2020-05-10', 12, 0);
insert into Promotions (promoId, startDate, endDate, discountPerc, discountAmt) values (72, '2020-10-01', '2020-10-10', 12, 0);
insert into Promotions (promoId, startDate, endDate, discountPerc, discountAmt) values (73, '2020-11-01', '2020-11-15', 12, 0);
insert into Promotions (promoId, startDate, endDate, discountPerc, discountAmt) values (74, '2020-10-01', '2020-11-18', 12, 0);
insert into Promotions (promoId, startDate, endDate, discountPerc, discountAmt) values (75, '2020-07-05', '2020-09-20', 12, 0);
insert into Promotions (promoId, startDate, endDate, discountPerc, discountAmt) values (76, '2020-06-01', '2020-06-22', 12, 0);
insert into Promotions (promoId, startDate, endDate, discountPerc, discountAmt) values (77, '2020-06-15', '2020-06-30', 15, 0);
insert into Promotions (promoId, startDate, endDate, discountPerc, discountAmt) values (78, '2020-09-22', '2020-09-30', 15, 0);
insert into Promotions (promoId, startDate, endDate, discountPerc, discountAmt) values (79, '2020-08-01', '2020-08-10', 15, 0);
insert into Promotions (promoId, startDate, endDate, discountPerc, discountAmt) values (80, '2020-08-05', '2020-08-15', 15, 0);
insert into Promotions (promoId, startDate, endDate, discountPerc, discountAmt) values (81, '2020-11-01', '2020-11-10', 15, 0);
insert into Promotions (promoId, startDate, endDate, discountPerc, discountAmt) values (82, '2020-12-01', '2020-12-10', 15, 0);
insert into Promotions (promoId, startDate, endDate, discountPerc, discountAmt) values (83, '2020-11-22', '2020-11-30', 5, 0);
insert into Promotions (promoId, startDate, endDate, discountPerc, discountAmt) values (84, '2020-08-12', '2020-08-20', 5, 0);
insert into Promotions (promoId, startDate, endDate, discountPerc, discountAmt) values (85, '2020-12-22', '2021-01-05', 5, 0);
insert into Promotions (promoId, startDate, endDate, discountPerc, discountAmt) values (86, '2020-11-25', '2020-12-05', 5, 0);
insert into Promotions (promoId, startDate, endDate, discountPerc, discountAmt) values (87, '2020-06-25', '2020-08-10', 5, 0);
insert into Promotions (promoId, startDate, endDate, discountPerc, discountAmt) values (88, '2020-05-01', '2020-06-05', 5, 0);
insert into Promotions (promoId, startDate, endDate, discountPerc, discountAmt) values (89, '2020-06-05', '2020-06-22', 18, 0);
insert into Promotions (promoId, startDate, endDate, discountPerc, discountAmt) values (90, '2020-05-23', '2020-05-25', 18, 0);



insert into FdsPromotions (promotionId) values (1);
insert into FdsPromotions (promotionId) values (2);
insert into FdsPromotions (promotionId) values (3);
insert into FdsPromotions (promotionId) values (4);
insert into FdsPromotions (promotionId) values (5);
insert into FdsPromotions (promotionId) values (6);
insert into FdsPromotions (promotionId) values (7);
insert into FdsPromotions (promotionId) values (8);
insert into FdsPromotions (promotionId) values (9);
insert into FdsPromotions (promotionId) values (10);
insert into FdsPromotions (promotionId) values (11);
insert into FdsPromotions (promotionId) values (12);
insert into FdsPromotions (promotionId) values (13);
insert into FdsPromotions (promotionId) values (14);
insert into FdsPromotions (promotionId) values (15);

insert into RestaurantPromotions (promotionId, restaurantId) values (16, 21);
insert into RestaurantPromotions (promotionId, restaurantId) values (17, 37);
insert into RestaurantPromotions (promotionId, restaurantId) values (18, 41);
insert into RestaurantPromotions (promotionId, restaurantId) values (19, 53);
insert into RestaurantPromotions (promotionId, restaurantId) values (20, 60);
insert into RestaurantPromotions (promotionId, restaurantId) values (21, 64);
insert into RestaurantPromotions (promotionId, restaurantId) values (22, 69);
insert into RestaurantPromotions (promotionId, restaurantId) values (23, 72);
insert into RestaurantPromotions (promotionId, restaurantId) values (24, 77);
insert into RestaurantPromotions (promotionId, restaurantId) values (25, 21);
insert into RestaurantPromotions (promotionId, restaurantId) values (26, 37);
insert into RestaurantPromotions (promotionId, restaurantId) values (27, 69);
insert into RestaurantPromotions (promotionId, restaurantId) values (28, 88);
insert into RestaurantPromotions (promotionId, restaurantId) values (29, 81);
insert into RestaurantPromotions (promotionId, restaurantId) values (30, 86);
insert into RestaurantPromotions (promotionId, restaurantId) values (31, 1);
insert into RestaurantPromotions (promotionId, restaurantId) values (32, 2);
insert into RestaurantPromotions (promotionId, restaurantId) values (33, 3);
insert into RestaurantPromotions (promotionId, restaurantId) values (34, 5);
insert into RestaurantPromotions (promotionId, restaurantId) values (35, 6);
insert into RestaurantPromotions (promotionId, restaurantId) values (36, 7);
insert into RestaurantPromotions (promotionId, restaurantId) values (37, 10);
insert into RestaurantPromotions (promotionId, restaurantId) values (38, 12);
insert into RestaurantPromotions (promotionId, restaurantId) values (39, 27);
insert into RestaurantPromotions (promotionId, restaurantId) values (40, 19);
insert into RestaurantPromotions (promotionId, restaurantId) values (41, 23);
insert into RestaurantPromotions (promotionId, restaurantId) values (42, 2);
insert into RestaurantPromotions (promotionId, restaurantId) values (43, 105);
insert into RestaurantPromotions (promotionId, restaurantId) values (44, 113);
insert into RestaurantPromotions (promotionId, restaurantId) values (45, 55);
insert into RestaurantPromotions (promotionId, restaurantId) values (46, 42);
insert into RestaurantPromotions (promotionId, restaurantId) values (47, 36);
insert into RestaurantPromotions (promotionId, restaurantId) values (48, 3);
insert into RestaurantPromotions (promotionId, restaurantId) values (49, 24);
insert into RestaurantPromotions (promotionId, restaurantId) values (50, 99);
insert into RestaurantPromotions (promotionId, restaurantId) values (51, 78);
insert into RestaurantPromotions (promotionId, restaurantId) values (52, 100);
insert into RestaurantPromotions (promotionId, restaurantId) values (53, 5);
insert into RestaurantPromotions (promotionId, restaurantId) values (54, 37);
insert into RestaurantPromotions (promotionId, restaurantId) values (55, 1);
insert into RestaurantPromotions (promotionId, restaurantId) values (56, 10);
insert into RestaurantPromotions (promotionId, restaurantId) values (57, 63);
insert into RestaurantPromotions (promotionId, restaurantId) values (58, 63);
insert into RestaurantPromotions (promotionId, restaurantId) values (59, 57);
insert into RestaurantPromotions (promotionId, restaurantId) values (60, 122);
insert into RestaurantPromotions (promotionId, restaurantId) values (61, 48);
insert into RestaurantPromotions (promotionId, restaurantId) values (62, 7);
insert into RestaurantPromotions (promotionId, restaurantId) values (63, 92);
insert into RestaurantPromotions (promotionId, restaurantId) values (64, 24);
insert into RestaurantPromotions (promotionId, restaurantId) values (65, 32);
insert into RestaurantPromotions (promotionId, restaurantId) values (66, 55);
insert into RestaurantPromotions (promotionId, restaurantId) values (67, 97);
insert into RestaurantPromotions (promotionId, restaurantId) values (68, 41);
insert into RestaurantPromotions (promotionId, restaurantId) values (69, 90);
insert into RestaurantPromotions (promotionId, restaurantId) values (70, 119);
insert into RestaurantPromotions (promotionId, restaurantId) values (71, 120);
insert into RestaurantPromotions (promotionId, restaurantId) values (72, 111);
insert into RestaurantPromotions (promotionId, restaurantId) values (73, 27);
insert into RestaurantPromotions (promotionId, restaurantId) values (74, 56);
insert into RestaurantPromotions (promotionId, restaurantId) values (75, 21);
insert into RestaurantPromotions (promotionId, restaurantId) values (76, 37);
insert into RestaurantPromotions (promotionId, restaurantId) values (78, 60);
insert into RestaurantPromotions (promotionId, restaurantId) values (79, 21);
insert into RestaurantPromotions (promotionId, restaurantId) values (80, 86);
insert into RestaurantPromotions (promotionId, restaurantId) values (81, 23);
insert into RestaurantPromotions (promotionId, restaurantId) values (82, 55);
insert into RestaurantPromotions (promotionId, restaurantId) values (83, 2);
insert into RestaurantPromotions (promotionId, restaurantId) values (84, 88);
insert into RestaurantPromotions (promotionId, restaurantId) values (85, 6);
insert into RestaurantPromotions (promotionId, restaurantId) values (86, 120);
insert into RestaurantPromotions (promotionId, restaurantId) values (87, 64);
insert into RestaurantPromotions (promotionId, restaurantId) values (88, 69);
insert into RestaurantPromotions (promotionId, restaurantId) values (89, 86);
insert into RestaurantPromotions (promotionId, restaurantId) values (90, 21);

insert into Menus (itemId, resturantId, itemName, price, category, isAvaliable, dailyLimit) values (1, 9, 'Gyudon', 15.2, 'Japanese', true, 124);
insert into Menus (itemId, resturantId, itemName, price, category, isAvaliable, dailyLimit) values (2, 3, 'Tamagoyaki', 7.0, 'Japanese', true, 76);
insert into Menus (itemId, resturantId, itemName, price, category, isAvaliable, dailyLimit) values (3, 28, 'Mushroom Risotto', 23.6, 'Italian', false, 226);
insert into Menus (itemId, resturantId, itemName, price, category, isAvaliable, dailyLimit) values (4, 21, 'Kung Pow Chicken', 15.8, 'Chinese', false, 285);
insert into Menus (itemId, resturantId, itemName, price, category, isAvaliable, dailyLimit) values (5, 30, 'Ma Po Tofu', 12.3, 'Chinese', false, 183);
insert into Menus (itemId, resturantId, itemName, price, category, isAvaliable, dailyLimit) values (6, 26, 'Tonkatsu', 22.7, 'Japanese', true, 142);
insert into Menus (itemId, resturantId, itemName, price, category, isAvaliable, dailyLimit) values (7, 4, 'Spring Rolls', 11.9, 'Chinese', true, 224);
insert into Menus (itemId, resturantId, itemName, price, category, isAvaliable, dailyLimit) values (8, 9, 'Yangchow Fried Rice', 22.9, 'Chinese', false, 102);
insert into Menus (itemId, resturantId, itemName, price, category, isAvaliable, dailyLimit) values (9, 14, 'Unagi Bento Set', 28.4, 'Japanese', false, 172);
insert into Menus (itemId, resturantId, itemName, price, category, isAvaliable, dailyLimit) values (10, 27, 'Caprese Chicken', 28.1, 'Italian', true, 168);
insert into Menus (itemId, resturantId, itemName, price, category, isAvaliable, dailyLimit) values (11, 8, 'Beef Ragu', 28.3, 'Italian', false, 248);
insert into Menus (itemId, resturantId, itemName, price, category, isAvaliable, dailyLimit) values (12, 29, 'Sichuan Pork', 25.6, 'Chinese', true, 285);
insert into Menus (itemId, resturantId, itemName, price, category, isAvaliable, dailyLimit) values (13, 16, 'Ricotta Spaghetti', 19.8, 'Italian', false, 140);
insert into Menus (itemId, resturantId, itemName, price, category, isAvaliable, dailyLimit) values (14, 22, 'Braised Pork Meatballs', 19.6, 'Chinese', true, 104);
insert into Menus (itemId, resturantId, itemName, price, category, isAvaliable, dailyLimit) values (15, 19, 'Yakisoba', 13.4, 'Japanese', false, 189);
insert into Menus (itemId, resturantId, itemName, price, category, isAvaliable, dailyLimit) values (16, 23, 'Mac And Cheese', 9.2, 'Italian', false, 299);
insert into Menus (itemId, resturantId, itemName, price, category, isAvaliable, dailyLimit) values (17, 11, 'Primavare Stuffed Chicken', 12.2, 'Italian', true, 261);
insert into Menus (itemId, resturantId, itemName, price, category, isAvaliable, dailyLimit) values (18, 5, 'Chicken Chops', 19.9, 'Western', false, 24);
insert into Menus (itemId, resturantId, itemName, price, category, isAvaliable, dailyLimit) values (19, 2, 'Cream Of Chicken Soup', 5.4, 'Western', false, 165);
insert into Menus (itemId, resturantId, itemName, price, category, isAvaliable, dailyLimit) values (20, 9, 'Fish And Chips', 11.1, 'Western', true, 174);
insert into Menus (itemId, resturantId, itemName, price, category, isAvaliable, dailyLimit) values (21, 1, 'Salted Fish Fried Rice', 5.7, 'Chinese', true, 152);
insert into Menus (itemId, resturantId, itemName, price, category, isAvaliable, dailyLimit) values (22, 20, 'Sashimi Set', 25.7, 'Japanese', true, 212);
insert into Menus (itemId, resturantId, itemName, price, category, isAvaliable, dailyLimit) values (23, 25, 'Cold Cha Soba', 16.0, 'Japanese', true, 260);
insert into Menus (itemId, resturantId, itemName, price, category, isAvaliable, dailyLimit) values (24, 30, 'Chicken Cutlet Set', 17.1, 'Western', true, 295);
insert into Menus (itemId, resturantId, itemName, price, category, isAvaliable, dailyLimit) values (25, 11, 'Cheesy Marinara', 17.6, 'Italian', true, 200);
insert into Menus (itemId, resturantId, itemName, price, category, isAvaliable, dailyLimit) values (26, 11, 'Basil Rice', 8.7, 'Thai', true, 186);
insert into Menus (itemId, resturantId, itemName, price, category, isAvaliable, dailyLimit) values (27, 3, 'Seafood Tom Yum Soup', 28.2, 'Thai', false, 121);
insert into Menus (itemId, resturantId, itemName, price, category, isAvaliable, dailyLimit) values (28, 9, 'Green Papaya Salad', 9.6, 'Thai', true, 145);
insert into Menus (itemId, resturantId, itemName, price, category, isAvaliable, dailyLimit) values (29, 23, 'Miso Ramen', 12.7, 'Japanese', true, 187);
insert into Menus (itemId, resturantId, itemName, price, category, isAvaliable, dailyLimit) values (30, 8, 'Pad Thai', 11.9, 'Thai', false, 21);

insert into CreditCards (customerId, cardNumber) values (1, '5027-8511-0125-0172');
insert into CreditCards (customerId, cardNumber) values (2, '3060-0247-7129-9758');
insert into CreditCards (customerId, cardNumber) values (3, '5818-8235-6693-8956');
insert into CreditCards (customerId, cardNumber) values (4, '4777-1992-3468-6461');
insert into CreditCards (customerId, cardNumber) values (5, '1131-2567-7065-4352');
insert into CreditCards (customerId, cardNumber) values (6, '1454-5038-8196-0400');
insert into CreditCards (customerId, cardNumber) values (7, '8275-1032-2759-0323');
insert into CreditCards (customerId, cardNumber) values (8, '8052-4581-1721-8337');
insert into CreditCards (customerId, cardNumber) values (9, '3514-9514-4207-8204');
insert into CreditCards (customerId, cardNumber) values (10, '2050-8870-1428-2179');
insert into CreditCards (customerId, cardNumber) values (11, '5114-1403-6008-4263');
insert into CreditCards (customerId, cardNumber) values (12, '5618-5831-9278-9948');
insert into CreditCards (customerId, cardNumber) values (13, '8942-8000-6352-2751');
insert into CreditCards (customerId, cardNumber) values (14, '2265-4261-4239-4167');
insert into CreditCards (customerId, cardNumber) values (15, '3028-9245-7591-7563');
insert into CreditCards (customerId, cardNumber) values (16, '6356-1710-8106-8847');
insert into CreditCards (customerId, cardNumber) values (17, '1761-7305-3488-2350');
insert into CreditCards (customerId, cardNumber) values (18, '5731-5225-6848-2132');
insert into CreditCards (customerId, cardNumber) values (19, '3127-7224-5973-9494');
insert into CreditCards (customerId, cardNumber) values (20, '6782-3648-7057-2840');
insert into CreditCards (customerId, cardNumber) values (21, '2849-3203-3405-1466');
insert into CreditCards (customerId, cardNumber) values (22, '3599-8399-2110-2965');
insert into CreditCards (customerId, cardNumber) values (23, '4894-0946-1959-8201');
insert into CreditCards (customerId, cardNumber) values (24, '7920-5512-3567-9923');
insert into CreditCards (customerId, cardNumber) values (25, '1448-3093-6095-0219');
insert into CreditCards (customerId, cardNumber) values (26, '4789-5944-9866-1736');
insert into CreditCards (customerId, cardNumber) values (27, '2762-7612-3464-9878');
insert into CreditCards (customerId, cardNumber) values (28, '2734-5992-0004-7836');
insert into CreditCards (customerId, cardNumber) values (29, '9589-7147-6482-2157');
insert into CreditCards (customerId, cardNumber) values (30, '8396-7129-5984-5339');

insert into Shifts (shiftNum) values (1);
insert into Shifts (shiftNum) values (2);
insert into Shifts (shiftNum) values (3);
insert into Shifts (shiftNum) values (4);

insert into FdsManagers (managerId) values (1);
insert into FdsManagers (managerId) values (4);
insert into FdsManagers (managerId) values (7);
insert into FdsManagers (managerId) values (10);
insert into FdsManagers (managerId) values (13);
insert into FdsManagers (managerId) values (16);
insert into FdsManagers (managerId) values (19);
insert into FdsManagers (managerId) values (22);

insert into DeliveryRiders (riderId, deliveryFee) values (2, 5);
insert into DeliveryRiders (riderId, deliveryFee) values (3, 5);
insert into DeliveryRiders (riderId, deliveryFee) values (5, 5);
insert into DeliveryRiders (riderId, deliveryFee) values (6, 5);
insert into DeliveryRiders (riderId, deliveryFee) values (8, 5);
insert into DeliveryRiders (riderId, deliveryFee) values (9, 5);
insert into DeliveryRiders (riderId, deliveryFee) values (11, 5);
insert into DeliveryRiders (riderId, deliveryFee) values (12, 5);
insert into DeliveryRiders (riderId, deliveryFee) values (14, 5);
insert into DeliveryRiders (riderId, deliveryFee) values (15, 5);
insert into DeliveryRiders (riderId, deliveryFee) values (17, 5);
insert into DeliveryRiders (riderId, deliveryFee) values (18, 5);
insert into DeliveryRiders (riderId, deliveryFee) values (20, 5);
insert into DeliveryRiders (riderId, deliveryFee) values (21, 5);
insert into DeliveryRiders (riderId, deliveryFee) values (23, 5);
insert into DeliveryRiders (riderId, deliveryFee) values (24, 5);
insert into DeliveryRiders (riderId, deliveryFee) values (25, 5);
insert into DeliveryRiders (riderId, deliveryFee) values (26, 5);
insert into DeliveryRiders (riderId, deliveryFee) values (27, 5);
insert into DeliveryRiders (riderId, deliveryFee) values (28, 5);
insert into DeliveryRiders (riderId, deliveryFee) values (29, 5);
insert into DeliveryRiders (riderId, deliveryFee) values (30, 5);

insert into PartTimers (riderId, workday, startHour, endHour, weekNum, baseSalary) values (3, 1, 12, 13, 1, 100);
insert into PartTimers (riderId, workday, startHour, endHour, weekNum, baseSalary) values (3, 3, 6, 8, 1, 100);
insert into PartTimers (riderId, workday, startHour, endHour, weekNum, baseSalary) values (3, 3, 18, 22, 1, 100);
insert into PartTimers (riderId, workday, startHour, endHour, weekNum, baseSalary) values (3, 4, 8, 12, 1, 100);
insert into PartTimers (riderId, workday, startHour, endHour, weekNum, baseSalary) values (3, 5, 15, 19, 1, 100);
insert into PartTimers (riderId, workday, startHour, endHour, weekNum, baseSalary) values (3, 6, 6, 9, 1, 100);
insert into PartTimers (riderId, workday, startHour, endHour, weekNum, baseSalary) values (3, 7, 5, 9, 1, 100);
insert into PartTimers (riderId, workday, startHour, endHour, weekNum, baseSalary) values (3, 1, 8, 12, 2, 100);
insert into PartTimers (riderId, workday, startHour, endHour, weekNum, baseSalary) values (3, 1, 11, 15, 2, 100);
insert into PartTimers (riderId, workday, startHour, endHour, weekNum, baseSalary) values (3, 2, 8, 12, 2, 100);
insert into PartTimers (riderId, workday, startHour, endHour, weekNum, baseSalary) values (3, 3, 6, 10, 2, 100);
insert into PartTimers (riderId, workday, startHour, endHour, weekNum, baseSalary) values (3, 4, 7, 11, 2, 100);
insert into PartTimers (riderId, workday, startHour, endHour, weekNum, baseSalary) values (3, 4, 19, 22, 2, 100);
insert into PartTimers (riderId, workday, startHour, endHour, weekNum, baseSalary) values (3, 5, 10, 14, 2, 100);
insert into PartTimers (riderId, workday, startHour, endHour, weekNum, baseSalary) values (3, 6, 0, 4, 2, 100);
insert into PartTimers (riderId, workday, startHour, endHour, weekNum, baseSalary) values (3, 7, 20, 24, 2, 100);
insert into PartTimers (riderId, workday, startHour, endHour, weekNum, baseSalary) values (3, 1, 2, 6, 4, 100);
insert into PartTimers (riderId, workday, startHour, endHour, weekNum, baseSalary) values (3, 1, 14, 15, 4, 100);
insert into PartTimers (riderId, workday, startHour, endHour, weekNum, baseSalary) values (3, 2, 3, 7, 4, 100);
insert into PartTimers (riderId, workday, startHour, endHour, weekNum, baseSalary) values (3, 2, 8, 9, 4, 100);
insert into PartTimers (riderId, workday, startHour, endHour, weekNum, baseSalary) values (3, 3, 10, 14, 4, 100);
insert into PartTimers (riderId, workday, startHour, endHour, weekNum, baseSalary) values (3, 4, 0, 4, 4, 100);
insert into PartTimers (riderId, workday, startHour, endHour, weekNum, baseSalary) values (3, 4, 16, 20, 4, 100);
insert into PartTimers (riderId, workday, startHour, endHour, weekNum, baseSalary) values (3, 5, 6, 10, 4, 100);
insert into PartTimers (riderId, workday, startHour, endHour, weekNum, baseSalary) values (3, 6, 12, 16, 4, 100);
insert into PartTimers (riderId, workday, startHour, endHour, weekNum, baseSalary) values (3, 6, 17, 21, 4, 100);
insert into PartTimers (riderId, workday, startHour, endHour, weekNum, baseSalary) values (3, 7, 0, 4, 4, 100);
insert into PartTimers (riderId, workday, startHour, endHour, weekNum, baseSalary) values (3, 7, 11, 15, 4, 100);
insert into PartTimers (riderId, workday, startHour, endHour, weekNum, baseSalary) values (6, 1, 1, 5, 1, 100);
insert into PartTimers (riderId, workday, startHour, endHour, weekNum, baseSalary) values (6, 2, 9, 13, 1, 100);
insert into PartTimers (riderId, workday, startHour, endHour, weekNum, baseSalary) values (6, 2, 17, 21, 1, 100);
insert into PartTimers (riderId, workday, startHour, endHour, weekNum, baseSalary) values (6, 3, 11, 15, 1, 100);
insert into PartTimers (riderId, workday, startHour, endHour, weekNum, baseSalary) values (6, 3, 2, 6, 1, 100);
insert into PartTimers (riderId, workday, startHour, endHour, weekNum, baseSalary) values (6, 3, 19, 23, 1, 100);
insert into PartTimers (riderId, workday, startHour, endHour, weekNum, baseSalary) values (6, 5, 19, 23, 1, 100);
insert into PartTimers (riderId, workday, startHour, endHour, weekNum, baseSalary) values (6, 5, 11, 15, 1, 100);
insert into PartTimers (riderId, workday, startHour, endHour, weekNum, baseSalary) values (6, 6, 18, 22, 1, 100);
insert into PartTimers (riderId, workday, startHour, endHour, weekNum, baseSalary) values (6, 6, 3, 7, 1, 100);
insert into PartTimers (riderId, workday, startHour, endHour, weekNum, baseSalary) values (6, 7, 11, 15, 1, 100);
insert into PartTimers (riderId, workday, startHour, endHour, weekNum, baseSalary) values (6, 1, 0, 4, 2, 100);
insert into PartTimers (riderId, workday, startHour, endHour, weekNum, baseSalary) values (6, 1, 7, 11, 2, 100);
insert into PartTimers (riderId, workday, startHour, endHour, weekNum, baseSalary) values (6, 2, 5, 7, 2, 100);
insert into PartTimers (riderId, workday, startHour, endHour, weekNum, baseSalary) values (6, 4, 5, 9, 2, 100);
insert into PartTimers (riderId, workday, startHour, endHour, weekNum, baseSalary) values (6, 4, 16, 20, 2, 100);
insert into PartTimers (riderId, workday, startHour, endHour, weekNum, baseSalary) values (6, 5, 9, 11, 2, 100);
insert into PartTimers (riderId, workday, startHour, endHour, weekNum, baseSalary) values (6, 5, 4, 8, 2, 100);
insert into PartTimers (riderId, workday, startHour, endHour, weekNum, baseSalary) values (6, 6, 1, 5, 2, 100);
insert into PartTimers (riderId, workday, startHour, endHour, weekNum, baseSalary) values (6, 6, 19, 20, 2, 100);
insert into PartTimers (riderId, workday, startHour, endHour, weekNum, baseSalary) values (6, 6, 10, 14, 2, 100);
insert into PartTimers (riderId, workday, startHour, endHour, weekNum, baseSalary) values (6, 1, 14, 18, 3, 100);
insert into PartTimers (riderId, workday, startHour, endHour, weekNum, baseSalary) values (6, 2, 19, 23, 3, 100);
insert into PartTimers (riderId, workday, startHour, endHour, weekNum, baseSalary) values (6, 3, 5, 9, 3, 100);
insert into PartTimers (riderId, workday, startHour, endHour, weekNum, baseSalary) values (6, 3, 17, 21, 3, 100);
insert into PartTimers (riderId, workday, startHour, endHour, weekNum, baseSalary) values (6, 4, 12, 16, 3, 100);
insert into PartTimers (riderId, workday, startHour, endHour, weekNum, baseSalary) values (6, 5, 17, 21, 3, 100);
insert into PartTimers (riderId, workday, startHour, endHour, weekNum, baseSalary) values (6, 5, 6, 10, 3, 100);
insert into PartTimers (riderId, workday, startHour, endHour, weekNum, baseSalary) values (6, 6, 7, 11, 3, 100);
insert into PartTimers (riderId, workday, startHour, endHour, weekNum, baseSalary) values (6, 6, 15, 19, 3, 100);
insert into PartTimers (riderId, workday, startHour, endHour, weekNum, baseSalary) values (6, 7, 1, 5, 3, 100);
insert into PartTimers (riderId, workday, startHour, endHour, weekNum, baseSalary) values (6, 7, 16, 20, 3, 100);
insert into PartTimers (riderId, workday, startHour, endHour, weekNum, baseSalary) values (6, 7, 8, 12, 3, 100);
insert into PartTimers (riderId, workday, startHour, endHour, weekNum, baseSalary) values (6, 1, 19, 23, 4, 100);
insert into PartTimers (riderId, workday, startHour, endHour, weekNum, baseSalary) values (6, 1, 11, 15, 4, 100);
insert into PartTimers (riderId, workday, startHour, endHour, weekNum, baseSalary) values (6, 2, 13, 17, 4, 100);
insert into PartTimers (riderId, workday, startHour, endHour, weekNum, baseSalary) values (6, 2, 18, 22, 4, 100);
insert into PartTimers (riderId, workday, startHour, endHour, weekNum, baseSalary) values (6, 3, 18, 22, 4, 100);
insert into PartTimers (riderId, workday, startHour, endHour, weekNum, baseSalary) values (6, 3, 1, 5, 4, 100);
insert into PartTimers (riderId, workday, startHour, endHour, weekNum, baseSalary) values (6, 3, 14, 15, 4, 100);
insert into PartTimers (riderId, workday, startHour, endHour, weekNum, baseSalary) values (6, 4, 20, 24, 4, 100);
insert into PartTimers (riderId, workday, startHour, endHour, weekNum, baseSalary) values (6, 5, 18, 21, 4, 100);
insert into PartTimers (riderId, workday, startHour, endHour, weekNum, baseSalary) values (6, 5, 11, 15, 4, 100);
insert into PartTimers (riderId, workday, startHour, endHour, weekNum, baseSalary) values (9, 1, 5, 9, 1, 100);
insert into PartTimers (riderId, workday, startHour, endHour, weekNum, baseSalary) values (9, 1, 16, 18, 1, 100);
insert into PartTimers (riderId, workday, startHour, endHour, weekNum, baseSalary) values (9, 2, 1, 5, 1, 100);
insert into PartTimers (riderId, workday, startHour, endHour, weekNum, baseSalary) values (9, 2, 7, 11, 1, 100);
insert into PartTimers (riderId, workday, startHour, endHour, weekNum, baseSalary) values (9, 3, 19, 20, 1, 100);
insert into PartTimers (riderId, workday, startHour, endHour, weekNum, baseSalary) values (9, 3, 1, 5, 1, 100);
insert into PartTimers (riderId, workday, startHour, endHour, weekNum, baseSalary) values (9, 4, 20, 23, 1, 100);
insert into PartTimers (riderId, workday, startHour, endHour, weekNum, baseSalary) values (9, 4, 15, 19, 1, 100);
insert into PartTimers (riderId, workday, startHour, endHour, weekNum, baseSalary) values (9, 5, 7, 11, 1, 100);
insert into PartTimers (riderId, workday, startHour, endHour, weekNum, baseSalary) values (9, 6, 3, 7, 1, 100);
insert into PartTimers (riderId, workday, startHour, endHour, weekNum, baseSalary) values (9, 7, 1, 5, 1, 100);
insert into PartTimers (riderId, workday, startHour, endHour, weekNum, baseSalary) values (9, 7, 7, 11, 1, 100);
insert into PartTimers (riderId, workday, startHour, endHour, weekNum, baseSalary) values (9, 7, 13, 17, 1, 100);
insert into PartTimers (riderId, workday, startHour, endHour, weekNum, baseSalary) values (12, 1, 6, 10, 1, 100);
insert into PartTimers (riderId, workday, startHour, endHour, weekNum, baseSalary) values (12, 2, 3, 6, 1, 100);
insert into PartTimers (riderId, workday, startHour, endHour, weekNum, baseSalary) values (12, 3, 7, 11, 1, 100);
insert into PartTimers (riderId, workday, startHour, endHour, weekNum, baseSalary) values (12, 3, 18, 22, 1, 100);
insert into PartTimers (riderId, workday, startHour, endHour, weekNum, baseSalary) values (12, 4, 8, 12, 1, 100);
insert into PartTimers (riderId, workday, startHour, endHour, weekNum, baseSalary) values (12, 4, 13, 15, 1, 100);
insert into PartTimers (riderId, workday, startHour, endHour, weekNum, baseSalary) values (12, 5, 19, 23, 1, 100);
insert into PartTimers (riderId, workday, startHour, endHour, weekNum, baseSalary) values (12, 5, 14, 18, 1, 100);
insert into PartTimers (riderId, workday, startHour, endHour, weekNum, baseSalary) values (12, 6, 4, 8, 1, 100);
insert into PartTimers (riderId, workday, startHour, endHour, weekNum, baseSalary) values (12, 6, 9, 13, 1, 100);
insert into PartTimers (riderId, workday, startHour, endHour, weekNum, baseSalary) values (12, 7, 18, 22, 1, 100);
insert into PartTimers (riderId, workday, startHour, endHour, weekNum, baseSalary) values (12, 7, 6, 10, 1, 100);
insert into PartTimers (riderId, workday, startHour, endHour, weekNum, baseSalary) values (12, 1, 12, 16, 3, 100);
insert into PartTimers (riderId, workday, startHour, endHour, weekNum, baseSalary) values (12, 1, 17, 21, 3, 100);
insert into PartTimers (riderId, workday, startHour, endHour, weekNum, baseSalary) values (12, 2, 8, 11, 3, 100);
insert into PartTimers (riderId, workday, startHour, endHour, weekNum, baseSalary) values (12, 2, 2, 6, 3, 100);
insert into PartTimers (riderId, workday, startHour, endHour, weekNum, baseSalary) values (12, 3, 5, 9, 3, 100);
insert into PartTimers (riderId, workday, startHour, endHour, weekNum, baseSalary) values (12, 3, 20, 22, 3, 100);
insert into PartTimers (riderId, workday, startHour, endHour, weekNum, baseSalary) values (12, 4, 18, 22, 3, 100);
insert into PartTimers (riderId, workday, startHour, endHour, weekNum, baseSalary) values (12, 4, 13, 16, 3, 100);
insert into PartTimers (riderId, workday, startHour, endHour, weekNum, baseSalary) values (12, 5, 13, 16, 3, 100);
insert into PartTimers (riderId, workday, startHour, endHour, weekNum, baseSalary) values (12, 5, 20, 24, 3, 100);
insert into PartTimers (riderId, workday, startHour, endHour, weekNum, baseSalary) values (12, 6, 17, 20, 3, 100);
insert into PartTimers (riderId, workday, startHour, endHour, weekNum, baseSalary) values (12, 6, 10, 14, 3, 100);
insert into PartTimers (riderId, workday, startHour, endHour, weekNum, baseSalary) values (12, 7, 20, 23, 3, 100);
insert into PartTimers (riderId, workday, startHour, endHour, weekNum, baseSalary) values (15, 1, 16, 20, 1, 100);
insert into PartTimers (riderId, workday, startHour, endHour, weekNum, baseSalary) values (15, 1, 21, 22, 1, 100);
insert into PartTimers (riderId, workday, startHour, endHour, weekNum, baseSalary) values (15, 2, 10, 14, 1, 100);
insert into PartTimers (riderId, workday, startHour, endHour, weekNum, baseSalary) values (15, 2, 12, 16, 1, 100);
insert into PartTimers (riderId, workday, startHour, endHour, weekNum, baseSalary) values (15, 3, 12, 14, 1, 100);
insert into PartTimers (riderId, workday, startHour, endHour, weekNum, baseSalary) values (15, 3, 15, 18, 1, 100);
insert into PartTimers (riderId, workday, startHour, endHour, weekNum, baseSalary) values (15, 4, 1, 5, 1, 100);
insert into PartTimers (riderId, workday, startHour, endHour, weekNum, baseSalary) values (15, 4, 16, 20, 1, 100);
insert into PartTimers (riderId, workday, startHour, endHour, weekNum, baseSalary) values (15, 5, 17, 18, 1, 100);
insert into PartTimers (riderId, workday, startHour, endHour, weekNum, baseSalary) values (15, 6, 2, 4, 1, 100);
insert into PartTimers (riderId, workday, startHour, endHour, weekNum, baseSalary) values (15, 6, 13, 17, 1, 100);
insert into PartTimers (riderId, workday, startHour, endHour, weekNum, baseSalary) values (15, 7, 10, 14, 1, 100);
insert into PartTimers (riderId, workday, startHour, endHour, weekNum, baseSalary) values (15, 7, 5, 9, 1, 100);
insert into PartTimers (riderId, workday, startHour, endHour, weekNum, baseSalary) values (15, 1, 9, 13, 4, 100);
insert into PartTimers (riderId, workday, startHour, endHour, weekNum, baseSalary) values (15, 1, 4, 8, 4, 100);
insert into PartTimers (riderId, workday, startHour, endHour, weekNum, baseSalary) values (15, 2, 6, 10, 4, 100);
insert into PartTimers (riderId, workday, startHour, endHour, weekNum, baseSalary) values (15, 2, 0, 4, 4, 100);
insert into PartTimers (riderId, workday, startHour, endHour, weekNum, baseSalary) values (15, 3, 1, 5, 4, 100);
insert into PartTimers (riderId, workday, startHour, endHour, weekNum, baseSalary) values (15, 4, 9, 13, 4, 100);
insert into PartTimers (riderId, workday, startHour, endHour, weekNum, baseSalary) values (15, 5, 7, 11, 4, 100);
insert into PartTimers (riderId, workday, startHour, endHour, weekNum, baseSalary) values (15, 5, 2, 6, 4, 100);
insert into PartTimers (riderId, workday, startHour, endHour, weekNum, baseSalary) values (15, 6, 2, 6, 4, 100);
insert into PartTimers (riderId, workday, startHour, endHour, weekNum, baseSalary) values (15, 6, 11, 15, 4, 100);
insert into PartTimers (riderId, workday, startHour, endHour, weekNum, baseSalary) values (15, 7, 9, 13, 4, 100);
insert into PartTimers (riderId, workday, startHour, endHour, weekNum, baseSalary) values (15, 7, 16, 20, 4, 100);
insert into PartTimers (riderId, workday, startHour, endHour, weekNum, baseSalary) values (18, 1, 18, 21, 1, 100);
insert into PartTimers (riderId, workday, startHour, endHour, weekNum, baseSalary) values (18, 1, 11, 15, 1, 100);
insert into PartTimers (riderId, workday, startHour, endHour, weekNum, baseSalary) values (18, 2, 11, 15, 1, 100);
insert into PartTimers (riderId, workday, startHour, endHour, weekNum, baseSalary) values (18, 2, 18, 22, 1, 100);
insert into PartTimers (riderId, workday, startHour, endHour, weekNum, baseSalary) values (18, 3, 9, 13, 1, 100);
insert into PartTimers (riderId, workday, startHour, endHour, weekNum, baseSalary) values (18, 3, 16, 20, 1, 100);
insert into PartTimers (riderId, workday, startHour, endHour, weekNum, baseSalary) values (18, 4, 19, 23, 1, 100);
insert into PartTimers (riderId, workday, startHour, endHour, weekNum, baseSalary) values (18, 4, 2, 5, 1, 100);
insert into PartTimers (riderId, workday, startHour, endHour, weekNum, baseSalary) values (18, 5, 1, 5, 1, 100);
insert into PartTimers (riderId, workday, startHour, endHour, weekNum, baseSalary) values (18, 5, 17, 21, 1, 100);
insert into PartTimers (riderId, workday, startHour, endHour, weekNum, baseSalary) values (18, 6, 3, 7, 1, 100);
insert into PartTimers (riderId, workday, startHour, endHour, weekNum, baseSalary) values (18, 7, 11, 15, 1, 100);
insert into PartTimers (riderId, workday, startHour, endHour, weekNum, baseSalary) values (18, 1, 2, 6, 2, 100);
insert into PartTimers (riderId, workday, startHour, endHour, weekNum, baseSalary) values (18, 1, 14, 18, 2, 100);
insert into PartTimers (riderId, workday, startHour, endHour, weekNum, baseSalary) values (18, 2, 10, 14, 2, 100);
insert into PartTimers (riderId, workday, startHour, endHour, weekNum, baseSalary) values (18, 2, 3, 5, 2, 100);
insert into PartTimers (riderId, workday, startHour, endHour, weekNum, baseSalary) values (18, 3, 7, 11, 2, 100);
insert into PartTimers (riderId, workday, startHour, endHour, weekNum, baseSalary) values (18, 3, 14, 18, 2, 100);
insert into PartTimers (riderId, workday, startHour, endHour, weekNum, baseSalary) values (18, 3, 2, 6, 2, 100);
insert into PartTimers (riderId, workday, startHour, endHour, weekNum, baseSalary) values (18, 4, 5, 9, 2, 100);
insert into PartTimers (riderId, workday, startHour, endHour, weekNum, baseSalary) values (18, 4, 15, 19, 2, 100);
insert into PartTimers (riderId, workday, startHour, endHour, weekNum, baseSalary) values (18, 6, 1, 5, 2, 100);
insert into PartTimers (riderId, workday, startHour, endHour, weekNum, baseSalary) values (18, 6, 15, 19, 2, 100);
insert into PartTimers (riderId, workday, startHour, endHour, weekNum, baseSalary) values (18, 7, 15, 19, 2, 100);
insert into PartTimers (riderId, workday, startHour, endHour, weekNum, baseSalary) values (18, 7, 0, 4, 2, 100);
insert into PartTimers (riderId, workday, startHour, endHour, weekNum, baseSalary) values (18, 1, 20, 24, 3, 100);
insert into PartTimers (riderId, workday, startHour, endHour, weekNum, baseSalary) values (18, 1, 7, 11, 3, 100);
insert into PartTimers (riderId, workday, startHour, endHour, weekNum, baseSalary) values (18, 2, 17, 21, 3, 100);
insert into PartTimers (riderId, workday, startHour, endHour, weekNum, baseSalary) values (18, 2, 6, 10, 3, 100);
insert into PartTimers (riderId, workday, startHour, endHour, weekNum, baseSalary) values (18, 3, 2, 6, 3, 100);
insert into PartTimers (riderId, workday, startHour, endHour, weekNum, baseSalary) values (18, 4, 4, 8, 3, 100);
insert into PartTimers (riderId, workday, startHour, endHour, weekNum, baseSalary) values (18, 4, 10, 14, 3, 100);
insert into PartTimers (riderId, workday, startHour, endHour, weekNum, baseSalary) values (18, 5, 18, 22, 3, 100);
insert into PartTimers (riderId, workday, startHour, endHour, weekNum, baseSalary) values (18, 6, 4, 8, 3, 100);
insert into PartTimers (riderId, workday, startHour, endHour, weekNum, baseSalary) values (18, 7, 6, 10, 3, 100);
insert into PartTimers (riderId, workday, startHour, endHour, weekNum, baseSalary) values (18, 7, 0, 4, 3, 100);
insert into PartTimers (riderId, workday, startHour, endHour, weekNum, baseSalary) values (21, 1, 0, 4, 1, 100);
insert into PartTimers (riderId, workday, startHour, endHour, weekNum, baseSalary) values (21, 1, 11, 15, 1, 100);
insert into PartTimers (riderId, workday, startHour, endHour, weekNum, baseSalary) values (21, 2, 14, 15, 1, 100);
insert into PartTimers (riderId, workday, startHour, endHour, weekNum, baseSalary) values (21, 2, 9, 13, 1, 100);
insert into PartTimers (riderId, workday, startHour, endHour, weekNum, baseSalary) values (21, 3, 15, 19, 1, 100);
insert into PartTimers (riderId, workday, startHour, endHour, weekNum, baseSalary) values (21, 3, 20, 24, 1, 100);
insert into PartTimers (riderId, workday, startHour, endHour, weekNum, baseSalary) values (21, 5, 4, 8, 1, 100);
insert into PartTimers (riderId, workday, startHour, endHour, weekNum, baseSalary) values (21, 5, 11, 15, 1, 100);
insert into PartTimers (riderId, workday, startHour, endHour, weekNum, baseSalary) values (21, 6, 1, 5, 1, 100);
insert into PartTimers (riderId, workday, startHour, endHour, weekNum, baseSalary) values (21, 6, 14, 18, 1, 100);
insert into PartTimers (riderId, workday, startHour, endHour, weekNum, baseSalary) values (21, 7, 7, 10, 1, 100);
insert into PartTimers (riderId, workday, startHour, endHour, weekNum, baseSalary) values (21, 7, 11, 15, 1, 100);
insert into PartTimers (riderId, workday, startHour, endHour, weekNum, baseSalary) values (21, 1, 9, 13, 2, 100);
insert into PartTimers (riderId, workday, startHour, endHour, weekNum, baseSalary) values (21, 1, 0, 4, 2, 100);
insert into PartTimers (riderId, workday, startHour, endHour, weekNum, baseSalary) values (21, 2, 0, 4, 2, 100);
insert into PartTimers (riderId, workday, startHour, endHour, weekNum, baseSalary) values (21, 2, 5, 9, 2, 100);
insert into PartTimers (riderId, workday, startHour, endHour, weekNum, baseSalary) values (21, 3, 2, 6, 2, 100);
insert into PartTimers (riderId, workday, startHour, endHour, weekNum, baseSalary) values (21, 4, 20, 24, 2, 100);
insert into PartTimers (riderId, workday, startHour, endHour, weekNum, baseSalary) values (21, 4, 5, 9, 2, 100);
insert into PartTimers (riderId, workday, startHour, endHour, weekNum, baseSalary) values (21, 5, 20, 24, 2, 100);
insert into PartTimers (riderId, workday, startHour, endHour, weekNum, baseSalary) values (21, 5, 15, 19, 2, 100);
insert into PartTimers (riderId, workday, startHour, endHour, weekNum, baseSalary) values (21, 6, 4, 8, 2, 100);
insert into PartTimers (riderId, workday, startHour, endHour, weekNum, baseSalary) values (21, 7, 6, 10, 2, 100);
insert into PartTimers (riderId, workday, startHour, endHour, weekNum, baseSalary) values (21, 7, 18, 22, 2, 100);
insert into PartTimers (riderId, workday, startHour, endHour, weekNum, baseSalary) values (24, 1, 18, 20, 1, 100);
insert into PartTimers (riderId, workday, startHour, endHour, weekNum, baseSalary) values (24, 2, 4, 8, 1, 100);
insert into PartTimers (riderId, workday, startHour, endHour, weekNum, baseSalary) values (24, 3, 19, 23, 1, 100);
insert into PartTimers (riderId, workday, startHour, endHour, weekNum, baseSalary) values (24, 3, 15, 18, 1, 100);
insert into PartTimers (riderId, workday, startHour, endHour, weekNum, baseSalary) values (24, 4, 7, 9, 1, 100);
insert into PartTimers (riderId, workday, startHour, endHour, weekNum, baseSalary) values (24, 4, 11, 15, 1, 100);
insert into PartTimers (riderId, workday, startHour, endHour, weekNum, baseSalary) values (24, 5, 16, 20, 1, 100);
insert into PartTimers (riderId, workday, startHour, endHour, weekNum, baseSalary) values (24, 5, 5, 9, 1, 100);
insert into PartTimers (riderId, workday, startHour, endHour, weekNum, baseSalary) values (24, 6, 7, 11, 1, 100);
insert into PartTimers (riderId, workday, startHour, endHour, weekNum, baseSalary) values (24, 6, 13, 17, 1, 100);
insert into PartTimers (riderId, workday, startHour, endHour, weekNum, baseSalary) values (24, 7, 1, 5, 1, 100);
insert into PartTimers (riderId, workday, startHour, endHour, weekNum, baseSalary) values (24, 7, 10, 14, 1, 100);
insert into PartTimers (riderId, workday, startHour, endHour, weekNum, baseSalary) values (24, 1, 18, 22, 4, 100);
insert into PartTimers (riderId, workday, startHour, endHour, weekNum, baseSalary) values (24, 1, 2, 6, 4, 100);
insert into PartTimers (riderId, workday, startHour, endHour, weekNum, baseSalary) values (24, 2, 4, 8, 4, 100);
insert into PartTimers (riderId, workday, startHour, endHour, weekNum, baseSalary) values (24, 2, 9, 13, 4, 100);
insert into PartTimers (riderId, workday, startHour, endHour, weekNum, baseSalary) values (24, 3, 2, 5, 4, 100);
insert into PartTimers (riderId, workday, startHour, endHour, weekNum, baseSalary) values (24, 4, 11, 12, 4, 100);
insert into PartTimers (riderId, workday, startHour, endHour, weekNum, baseSalary) values (24, 4, 13, 17, 4, 100);
insert into PartTimers (riderId, workday, startHour, endHour, weekNum, baseSalary) values (24, 5, 0, 4, 4, 100);
insert into PartTimers (riderId, workday, startHour, endHour, weekNum, baseSalary) values (24, 6, 13, 17, 4, 100);
insert into PartTimers (riderId, workday, startHour, endHour, weekNum, baseSalary) values (24, 6, 7, 11, 4, 100);
insert into PartTimers (riderId, workday, startHour, endHour, weekNum, baseSalary) values (24, 7, 11, 15, 4, 100);
insert into PartTimers (riderId, workday, startHour, endHour, weekNum, baseSalary) values (24, 7, 17, 21, 4, 100);
insert into PartTimers (riderId, workday, startHour, endHour, weekNum, baseSalary) values (25, 1, 5, 9, 1, 100);
insert into PartTimers (riderId, workday, startHour, endHour, weekNum, baseSalary) values (25, 1, 18, 22, 1, 100);
insert into PartTimers (riderId, workday, startHour, endHour, weekNum, baseSalary) values (25, 2, 5, 9, 1, 100);
insert into PartTimers (riderId, workday, startHour, endHour, weekNum, baseSalary) values (25, 2, 19, 23, 1, 100);
insert into PartTimers (riderId, workday, startHour, endHour, weekNum, baseSalary) values (25, 2, 14, 18, 1, 100);
insert into PartTimers (riderId, workday, startHour, endHour, weekNum, baseSalary) values (25, 5, 15, 19, 1, 100);
insert into PartTimers (riderId, workday, startHour, endHour, weekNum, baseSalary) values (25, 5, 5, 9, 1, 100);
insert into PartTimers (riderId, workday, startHour, endHour, weekNum, baseSalary) values (25, 6, 5, 9, 1, 100);
insert into PartTimers (riderId, workday, startHour, endHour, weekNum, baseSalary) values (25, 6, 20, 24, 1, 100);
insert into PartTimers (riderId, workday, startHour, endHour, weekNum, baseSalary) values (25, 6, 18, 19, 1, 100);
insert into PartTimers (riderId, workday, startHour, endHour, weekNum, baseSalary) values (25, 7, 0, 4, 1, 100);
insert into PartTimers (riderId, workday, startHour, endHour, weekNum, baseSalary) values (25, 7, 20, 24, 1, 100);
insert into PartTimers (riderId, workday, startHour, endHour, weekNum, baseSalary) values (27, 1, 17, 21, 1, 100);
insert into PartTimers (riderId, workday, startHour, endHour, weekNum, baseSalary) values (27, 1, 2, 6, 1, 100);
insert into PartTimers (riderId, workday, startHour, endHour, weekNum, baseSalary) values (27, 1, 11, 15, 1, 100);
insert into PartTimers (riderId, workday, startHour, endHour, weekNum, baseSalary) values (27, 3, 18, 22, 1, 100);
insert into PartTimers (riderId, workday, startHour, endHour, weekNum, baseSalary) values (27, 3, 11, 15, 1, 100);
insert into PartTimers (riderId, workday, startHour, endHour, weekNum, baseSalary) values (27, 3, 5, 9, 1, 100);
insert into PartTimers (riderId, workday, startHour, endHour, weekNum, baseSalary) values (27, 5, 18, 22, 1, 100);
insert into PartTimers (riderId, workday, startHour, endHour, weekNum, baseSalary) values (27, 5, 16, 17, 1, 100);
insert into PartTimers (riderId, workday, startHour, endHour, weekNum, baseSalary) values (27, 6, 3, 7, 1, 100);
insert into PartTimers (riderId, workday, startHour, endHour, weekNum, baseSalary) values (27, 6, 20, 24, 1, 100);
insert into PartTimers (riderId, workday, startHour, endHour, weekNum, baseSalary) values (27, 7, 8, 11, 1, 100);
insert into PartTimers (riderId, workday, startHour, endHour, weekNum, baseSalary) values (27, 7, 15, 19, 1, 100);
insert into PartTimers (riderId, workday, startHour, endHour, weekNum, baseSalary) values (27, 7, 20, 22, 1, 100);
insert into PartTimers (riderId, workday, startHour, endHour, weekNum, baseSalary) values (30, 1, 14, 18, 1, 100);
insert into PartTimers (riderId, workday, startHour, endHour, weekNum, baseSalary) values (30, 3, 1, 5, 1, 100);
insert into PartTimers (riderId, workday, startHour, endHour, weekNum, baseSalary) values (30, 3, 19, 20, 1, 100);
insert into PartTimers (riderId, workday, startHour, endHour, weekNum, baseSalary) values (30, 4, 11, 15, 1, 100);
insert into PartTimers (riderId, workday, startHour, endHour, weekNum, baseSalary) values (30, 4, 16, 20, 1, 100);
insert into PartTimers (riderId, workday, startHour, endHour, weekNum, baseSalary) values (30, 5, 18, 22, 1, 100);
insert into PartTimers (riderId, workday, startHour, endHour, weekNum, baseSalary) values (30, 5, 0, 4, 1, 100);
insert into PartTimers (riderId, workday, startHour, endHour, weekNum, baseSalary) values (30, 6, 0, 4, 1, 100);
insert into PartTimers (riderId, workday, startHour, endHour, weekNum, baseSalary) values (30, 6, 10, 14, 1, 100);
insert into PartTimers (riderId, workday, startHour, endHour, weekNum, baseSalary) values (30, 7, 5, 9, 1, 100);
insert into PartTimers (riderId, workday, startHour, endHour, weekNum, baseSalary) values (30, 7, 20, 24, 1, 100);
insert into PartTimers (riderId, workday, startHour, endHour, weekNum, baseSalary) values (30, 7, 0, 4, 1, 100);
insert into PartTimers (riderId, workday, startHour, endHour, weekNum, baseSalary) values (30, 1, 8, 9, 3, 100);
insert into PartTimers (riderId, workday, startHour, endHour, weekNum, baseSalary) values (30, 1, 17, 21, 3, 100);
insert into PartTimers (riderId, workday, startHour, endHour, weekNum, baseSalary) values (30, 2, 13, 17, 3, 100);
insert into PartTimers (riderId, workday, startHour, endHour, weekNum, baseSalary) values (30, 2, 8, 12, 3, 100);
insert into PartTimers (riderId, workday, startHour, endHour, weekNum, baseSalary) values (30, 4, 11, 15, 3, 100);
insert into PartTimers (riderId, workday, startHour, endHour, weekNum, baseSalary) values (30, 4, 17, 21, 3, 100);
insert into PartTimers (riderId, workday, startHour, endHour, weekNum, baseSalary) values (30, 5, 15, 18, 3, 100);
insert into PartTimers (riderId, workday, startHour, endHour, weekNum, baseSalary) values (30, 5, 9, 13, 3, 100);
insert into PartTimers (riderId, workday, startHour, endHour, weekNum, baseSalary) values (30, 6, 10, 14, 3, 100);
insert into PartTimers (riderId, workday, startHour, endHour, weekNum, baseSalary) values (30, 6, 3, 7, 3, 100);
insert into PartTimers (riderId, workday, startHour, endHour, weekNum, baseSalary) values (30, 7, 4, 8, 3, 100);

insert into FullTimers (riderId, monthNum, workdayStart, workdayEnd, shiftNum, baseSalary) values (2, 1, 6, 3, 2, 1700);
insert into FullTimers (riderId, monthNum, workdayStart, workdayEnd, shiftNum, baseSalary) values (2, 2, 3, 7, 4, 1700);
insert into FullTimers (riderId, monthNum, workdayStart, workdayEnd, shiftNum, baseSalary) values (2, 3, 2, 6, 1, 1700);
insert into FullTimers (riderId, monthNum, workdayStart, workdayEnd, shiftNum, baseSalary) values (2, 4, 3, 7, 1, 1700);
insert into FullTimers (riderId, monthNum, workdayStart, workdayEnd, shiftNum, baseSalary) values (2, 5, 2, 6, 2, 1700);
insert into FullTimers (riderId, monthNum, workdayStart, workdayEnd, shiftNum, baseSalary) values (2, 6, 7, 4, 1, 1700);
insert into FullTimers (riderId, monthNum, workdayStart, workdayEnd, shiftNum, baseSalary) values (2, 7, 7, 4, 3, 1700);
insert into FullTimers (riderId, monthNum, workdayStart, workdayEnd, shiftNum, baseSalary) values (2, 8, 6, 3, 1, 1700);
insert into FullTimers (riderId, monthNum, workdayStart, workdayEnd, shiftNum, baseSalary) values (2, 9, 3, 7, 1, 1700);
insert into FullTimers (riderId, monthNum, workdayStart, workdayEnd, shiftNum, baseSalary) values (2, 10, 1, 5, 2, 1700);
insert into FullTimers (riderId, monthNum, workdayStart, workdayEnd, shiftNum, baseSalary) values (2, 11, 1, 5, 2, 1700);
insert into FullTimers (riderId, monthNum, workdayStart, workdayEnd, shiftNum, baseSalary) values (2, 12, 2, 6, 3, 1700);
insert into FullTimers (riderId, monthNum, workdayStart, workdayEnd, shiftNum, baseSalary) values (2, 13, 1, 5, 4, 1700);
insert into FullTimers (riderId, monthNum, workdayStart, workdayEnd, shiftNum, baseSalary) values (2, 14, 4, 1, 1, 1700);
insert into FullTimers (riderId, monthNum, workdayStart, workdayEnd, shiftNum, baseSalary) values (2, 15, 1, 5, 3, 1700);
insert into FullTimers (riderId, monthNum, workdayStart, workdayEnd, shiftNum, baseSalary) values (2, 16, 3, 7, 4, 1700);
insert into FullTimers (riderId, monthNum, workdayStart, workdayEnd, shiftNum, baseSalary) values (2, 17, 5, 2, 3, 1700);
insert into FullTimers (riderId, monthNum, workdayStart, workdayEnd, shiftNum, baseSalary) values (2, 18, 6, 3, 4, 1700);
insert into FullTimers (riderId, monthNum, workdayStart, workdayEnd, shiftNum, baseSalary) values (2, 19, 1, 5, 3, 1700);
insert into FullTimers (riderId, monthNum, workdayStart, workdayEnd, shiftNum, baseSalary) values (2, 20, 1, 5, 1, 1700);
insert into FullTimers (riderId, monthNum, workdayStart, workdayEnd, shiftNum, baseSalary) values (2, 21, 4, 1, 1, 1700);
insert into FullTimers (riderId, monthNum, workdayStart, workdayEnd, shiftNum, baseSalary) values (2, 22, 4, 1, 2, 1700);
insert into FullTimers (riderId, monthNum, workdayStart, workdayEnd, shiftNum, baseSalary) values (2, 23, 2, 6, 3, 1700);
insert into FullTimers (riderId, monthNum, workdayStart, workdayEnd, shiftNum, baseSalary) values (2, 24, 2, 6, 2, 1700);
insert into FullTimers (riderId, monthNum, workdayStart, workdayEnd, shiftNum, baseSalary) values (2, 25, 1, 5, 1, 1700);
insert into FullTimers (riderId, monthNum, workdayStart, workdayEnd, shiftNum, baseSalary) values (2, 26, 1, 5, 4, 1700);
insert into FullTimers (riderId, monthNum, workdayStart, workdayEnd, shiftNum, baseSalary) values (2, 27, 7, 4, 2, 1700);
insert into FullTimers (riderId, monthNum, workdayStart, workdayEnd, shiftNum, baseSalary) values (2, 28, 5, 2, 1, 1700);
insert into FullTimers (riderId, monthNum, workdayStart, workdayEnd, shiftNum, baseSalary) values (2, 29, 3, 7, 2, 1700);
insert into FullTimers (riderId, monthNum, workdayStart, workdayEnd, shiftNum, baseSalary) values (2, 30, 4, 1, 2, 1700);
insert into FullTimers (riderId, monthNum, workdayStart, workdayEnd, shiftNum, baseSalary) values (5, 1, 5, 2, 2, 1700);
insert into FullTimers (riderId, monthNum, workdayStart, workdayEnd, shiftNum, baseSalary) values (5, 2, 6, 3, 1, 1700);
insert into FullTimers (riderId, monthNum, workdayStart, workdayEnd, shiftNum, baseSalary) values (5, 3, 7, 4, 1, 1700);
insert into FullTimers (riderId, monthNum, workdayStart, workdayEnd, shiftNum, baseSalary) values (5, 4, 7, 4, 1, 1700);
insert into FullTimers (riderId, monthNum, workdayStart, workdayEnd, shiftNum, baseSalary) values (5, 5, 6, 3, 4, 1700);
insert into FullTimers (riderId, monthNum, workdayStart, workdayEnd, shiftNum, baseSalary) values (5, 6, 6, 3, 4, 1700);
insert into FullTimers (riderId, monthNum, workdayStart, workdayEnd, shiftNum, baseSalary) values (5, 7, 6, 3, 3, 1700);
insert into FullTimers (riderId, monthNum, workdayStart, workdayEnd, shiftNum, baseSalary) values (5, 8, 6, 3, 2, 1700);
insert into FullTimers (riderId, monthNum, workdayStart, workdayEnd, shiftNum, baseSalary) values (5, 9, 3, 7, 1, 1700);
insert into FullTimers (riderId, monthNum, workdayStart, workdayEnd, shiftNum, baseSalary) values (5, 10, 6, 3, 1, 1700);
insert into FullTimers (riderId, monthNum, workdayStart, workdayEnd, shiftNum, baseSalary) values (5, 11, 1, 5, 2, 1700);
insert into FullTimers (riderId, monthNum, workdayStart, workdayEnd, shiftNum, baseSalary) values (5, 12, 3, 7, 2, 1700);
insert into FullTimers (riderId, monthNum, workdayStart, workdayEnd, shiftNum, baseSalary) values (5, 13, 3, 7, 3, 1700);
insert into FullTimers (riderId, monthNum, workdayStart, workdayEnd, shiftNum, baseSalary) values (5, 14, 5, 2, 3, 1700);
insert into FullTimers (riderId, monthNum, workdayStart, workdayEnd, shiftNum, baseSalary) values (5, 15, 5, 2, 2, 1700);
insert into FullTimers (riderId, monthNum, workdayStart, workdayEnd, shiftNum, baseSalary) values (5, 16, 4, 1, 2, 1700);
insert into FullTimers (riderId, monthNum, workdayStart, workdayEnd, shiftNum, baseSalary) values (5, 17, 1, 5, 3, 1700);
insert into FullTimers (riderId, monthNum, workdayStart, workdayEnd, shiftNum, baseSalary) values (5, 18, 1, 5, 4, 1700);
insert into FullTimers (riderId, monthNum, workdayStart, workdayEnd, shiftNum, baseSalary) values (5, 19, 5, 2, 4, 1700);
insert into FullTimers (riderId, monthNum, workdayStart, workdayEnd, shiftNum, baseSalary) values (5, 20, 1, 5, 3, 1700);
insert into FullTimers (riderId, monthNum, workdayStart, workdayEnd, shiftNum, baseSalary) values (5, 21, 3, 7, 2, 1700);
insert into FullTimers (riderId, monthNum, workdayStart, workdayEnd, shiftNum, baseSalary) values (5, 22, 1, 5, 4, 1700);
insert into FullTimers (riderId, monthNum, workdayStart, workdayEnd, shiftNum, baseSalary) values (5, 23, 7, 4, 4, 1700);
insert into FullTimers (riderId, monthNum, workdayStart, workdayEnd, shiftNum, baseSalary) values (5, 24, 2, 6, 2, 1700);
insert into FullTimers (riderId, monthNum, workdayStart, workdayEnd, shiftNum, baseSalary) values (5, 25, 2, 6, 3, 1700);
insert into FullTimers (riderId, monthNum, workdayStart, workdayEnd, shiftNum, baseSalary) values (8, 1, 1, 5, 2, 1700);
insert into FullTimers (riderId, monthNum, workdayStart, workdayEnd, shiftNum, baseSalary) values (8, 2, 6, 3, 3, 1700);
insert into FullTimers (riderId, monthNum, workdayStart, workdayEnd, shiftNum, baseSalary) values (8, 3, 6, 3, 4, 1700);
insert into FullTimers (riderId, monthNum, workdayStart, workdayEnd, shiftNum, baseSalary) values (8, 4, 7, 4, 4, 1700);
insert into FullTimers (riderId, monthNum, workdayStart, workdayEnd, shiftNum, baseSalary) values (8, 5, 2, 6, 3, 1700);
insert into FullTimers (riderId, monthNum, workdayStart, workdayEnd, shiftNum, baseSalary) values (8, 6, 2, 6, 2, 1700);
insert into FullTimers (riderId, monthNum, workdayStart, workdayEnd, shiftNum, baseSalary) values (8, 7, 4, 1, 3, 1700);
insert into FullTimers (riderId, monthNum, workdayStart, workdayEnd, shiftNum, baseSalary) values (8, 8, 4, 1, 1, 1700);
insert into FullTimers (riderId, monthNum, workdayStart, workdayEnd, shiftNum, baseSalary) values (8, 9, 5, 2, 2, 1700);
insert into FullTimers (riderId, monthNum, workdayStart, workdayEnd, shiftNum, baseSalary) values (8, 10, 5, 2, 2, 1700);
insert into FullTimers (riderId, monthNum, workdayStart, workdayEnd, shiftNum, baseSalary) values (8, 11, 7, 4, 3, 1700);
insert into FullTimers (riderId, monthNum, workdayStart, workdayEnd, shiftNum, baseSalary) values (8, 12, 5, 2, 1, 1700);
insert into FullTimers (riderId, monthNum, workdayStart, workdayEnd, shiftNum, baseSalary) values (8, 13, 4, 1, 3, 1700);
insert into FullTimers (riderId, monthNum, workdayStart, workdayEnd, shiftNum, baseSalary) values (8, 14, 7, 4, 3, 1700);
insert into FullTimers (riderId, monthNum, workdayStart, workdayEnd, shiftNum, baseSalary) values (8, 15, 2, 6, 3, 1700);
insert into FullTimers (riderId, monthNum, workdayStart, workdayEnd, shiftNum, baseSalary) values (8, 16, 7, 4, 3, 1700);
insert into FullTimers (riderId, monthNum, workdayStart, workdayEnd, shiftNum, baseSalary) values (8, 17, 4, 1, 4, 1700);
insert into FullTimers (riderId, monthNum, workdayStart, workdayEnd, shiftNum, baseSalary) values (8, 18, 1, 5, 3, 1700);
insert into FullTimers (riderId, monthNum, workdayStart, workdayEnd, shiftNum, baseSalary) values (8, 19, 1, 5, 2, 1700);
insert into FullTimers (riderId, monthNum, workdayStart, workdayEnd, shiftNum, baseSalary) values (8, 20, 3, 7, 4, 1700);
insert into FullTimers (riderId, monthNum, workdayStart, workdayEnd, shiftNum, baseSalary) values (11, 1, 1, 5, 4, 1700);
insert into FullTimers (riderId, monthNum, workdayStart, workdayEnd, shiftNum, baseSalary) values (11, 2, 6, 3, 3, 1700);
insert into FullTimers (riderId, monthNum, workdayStart, workdayEnd, shiftNum, baseSalary) values (11, 3, 2, 6, 4, 1700);
insert into FullTimers (riderId, monthNum, workdayStart, workdayEnd, shiftNum, baseSalary) values (11, 4, 7, 4, 3, 1700);
insert into FullTimers (riderId, monthNum, workdayStart, workdayEnd, shiftNum, baseSalary) values (11, 5, 6, 3, 2, 1700);
insert into FullTimers (riderId, monthNum, workdayStart, workdayEnd, shiftNum, baseSalary) values (11, 6, 1, 5, 2, 1700);
insert into FullTimers (riderId, monthNum, workdayStart, workdayEnd, shiftNum, baseSalary) values (11, 7, 1, 5, 4, 1700);
insert into FullTimers (riderId, monthNum, workdayStart, workdayEnd, shiftNum, baseSalary) values (11, 8, 4, 1, 1, 1700);
insert into FullTimers (riderId, monthNum, workdayStart, workdayEnd, shiftNum, baseSalary) values (11, 9, 3, 7, 2, 1700);
insert into FullTimers (riderId, monthNum, workdayStart, workdayEnd, shiftNum, baseSalary) values (11, 10, 3, 7, 2, 1700);
insert into FullTimers (riderId, monthNum, workdayStart, workdayEnd, shiftNum, baseSalary) values (11, 11, 7, 4, 2, 1700);
insert into FullTimers (riderId, monthNum, workdayStart, workdayEnd, shiftNum, baseSalary) values (11, 12, 6, 3, 2, 1700);
insert into FullTimers (riderId, monthNum, workdayStart, workdayEnd, shiftNum, baseSalary) values (11, 13, 7, 4, 4, 1700);
insert into FullTimers (riderId, monthNum, workdayStart, workdayEnd, shiftNum, baseSalary) values (11, 14, 6, 3, 4, 1700);
insert into FullTimers (riderId, monthNum, workdayStart, workdayEnd, shiftNum, baseSalary) values (11, 15, 4, 1, 1, 1700);
insert into FullTimers (riderId, monthNum, workdayStart, workdayEnd, shiftNum, baseSalary) values (11, 16, 2, 6, 3, 1700);
insert into FullTimers (riderId, monthNum, workdayStart, workdayEnd, shiftNum, baseSalary) values (11, 17, 1, 5, 4, 1700);
insert into FullTimers (riderId, monthNum, workdayStart, workdayEnd, shiftNum, baseSalary) values (11, 18, 5, 2, 3, 1700);
insert into FullTimers (riderId, monthNum, workdayStart, workdayEnd, shiftNum, baseSalary) values (11, 19, 5, 2, 2, 1700);
insert into FullTimers (riderId, monthNum, workdayStart, workdayEnd, shiftNum, baseSalary) values (11, 20, 7, 4, 3, 1700);
insert into FullTimers (riderId, monthNum, workdayStart, workdayEnd, shiftNum, baseSalary) values (14, 1, 4, 1, 4, 1700);
insert into FullTimers (riderId, monthNum, workdayStart, workdayEnd, shiftNum, baseSalary) values (14, 2, 1, 5, 3, 1700);
insert into FullTimers (riderId, monthNum, workdayStart, workdayEnd, shiftNum, baseSalary) values (14, 3, 4, 1, 4, 1700);
insert into FullTimers (riderId, monthNum, workdayStart, workdayEnd, shiftNum, baseSalary) values (14, 4, 4, 1, 4, 1700);
insert into FullTimers (riderId, monthNum, workdayStart, workdayEnd, shiftNum, baseSalary) values (14, 5, 6, 3, 1, 1700);
insert into FullTimers (riderId, monthNum, workdayStart, workdayEnd, shiftNum, baseSalary) values (14, 6, 3, 7, 2, 1700);
insert into FullTimers (riderId, monthNum, workdayStart, workdayEnd, shiftNum, baseSalary) values (14, 7, 7, 4, 3, 1700);
insert into FullTimers (riderId, monthNum, workdayStart, workdayEnd, shiftNum, baseSalary) values (14, 8, 7, 4, 4, 1700);
insert into FullTimers (riderId, monthNum, workdayStart, workdayEnd, shiftNum, baseSalary) values (14, 9, 3, 7, 4, 1700);
insert into FullTimers (riderId, monthNum, workdayStart, workdayEnd, shiftNum, baseSalary) values (14, 10, 2, 6, 1, 1700);
insert into FullTimers (riderId, monthNum, workdayStart, workdayEnd, shiftNum, baseSalary) values (14, 11, 7, 4, 3, 1700);
insert into FullTimers (riderId, monthNum, workdayStart, workdayEnd, shiftNum, baseSalary) values (14, 12, 5, 2, 2, 1700);
insert into FullTimers (riderId, monthNum, workdayStart, workdayEnd, shiftNum, baseSalary) values (14, 13, 3, 7, 1, 1700);
insert into FullTimers (riderId, monthNum, workdayStart, workdayEnd, shiftNum, baseSalary) values (14, 14, 6, 3, 1, 1700);
insert into FullTimers (riderId, monthNum, workdayStart, workdayEnd, shiftNum, baseSalary) values (14, 15, 1, 5, 1, 1700);
insert into FullTimers (riderId, monthNum, workdayStart, workdayEnd, shiftNum, baseSalary) values (14, 16, 6, 3, 4, 1700);
insert into FullTimers (riderId, monthNum, workdayStart, workdayEnd, shiftNum, baseSalary) values (14, 17, 7, 4, 3, 1700);
insert into FullTimers (riderId, monthNum, workdayStart, workdayEnd, shiftNum, baseSalary) values (14, 18, 2, 6, 3, 1700);
insert into FullTimers (riderId, monthNum, workdayStart, workdayEnd, shiftNum, baseSalary) values (14, 19, 3, 7, 4, 1700);
insert into FullTimers (riderId, monthNum, workdayStart, workdayEnd, shiftNum, baseSalary) values (17, 1, 1, 5, 1, 1700);
insert into FullTimers (riderId, monthNum, workdayStart, workdayEnd, shiftNum, baseSalary) values (17, 2, 2, 6, 3, 1700);
insert into FullTimers (riderId, monthNum, workdayStart, workdayEnd, shiftNum, baseSalary) values (17, 3, 3, 7, 1, 1700);
insert into FullTimers (riderId, monthNum, workdayStart, workdayEnd, shiftNum, baseSalary) values (17, 4, 2, 6, 2, 1700);
insert into FullTimers (riderId, monthNum, workdayStart, workdayEnd, shiftNum, baseSalary) values (17, 5, 2, 6, 3, 1700);
insert into FullTimers (riderId, monthNum, workdayStart, workdayEnd, shiftNum, baseSalary) values (17, 6, 5, 2, 4, 1700);
insert into FullTimers (riderId, monthNum, workdayStart, workdayEnd, shiftNum, baseSalary) values (17, 7, 1, 5, 3, 1700);
insert into FullTimers (riderId, monthNum, workdayStart, workdayEnd, shiftNum, baseSalary) values (17, 8, 1, 5, 1, 1700);
insert into FullTimers (riderId, monthNum, workdayStart, workdayEnd, shiftNum, baseSalary) values (17, 9, 3, 7, 4, 1700);
insert into FullTimers (riderId, monthNum, workdayStart, workdayEnd, shiftNum, baseSalary) values (17, 10, 2, 6, 3, 1700);
insert into FullTimers (riderId, monthNum, workdayStart, workdayEnd, shiftNum, baseSalary) values (17, 11, 2, 6, 1, 1700);
insert into FullTimers (riderId, monthNum, workdayStart, workdayEnd, shiftNum, baseSalary) values (17, 12, 7, 4, 3, 1700);
insert into FullTimers (riderId, monthNum, workdayStart, workdayEnd, shiftNum, baseSalary) values (17, 13, 2, 6, 1, 1700);
insert into FullTimers (riderId, monthNum, workdayStart, workdayEnd, shiftNum, baseSalary) values (17, 14, 5, 2, 1, 1700);
insert into FullTimers (riderId, monthNum, workdayStart, workdayEnd, shiftNum, baseSalary) values (17, 15, 4, 1, 1, 1700);
insert into FullTimers (riderId, monthNum, workdayStart, workdayEnd, shiftNum, baseSalary) values (17, 16, 1, 5, 2, 1700);
insert into FullTimers (riderId, monthNum, workdayStart, workdayEnd, shiftNum, baseSalary) values (17, 17, 7, 4, 4, 1700);
insert into FullTimers (riderId, monthNum, workdayStart, workdayEnd, shiftNum, baseSalary) values (17, 18, 3, 7, 3, 1700);
insert into FullTimers (riderId, monthNum, workdayStart, workdayEnd, shiftNum, baseSalary) values (17, 19, 3, 7, 3, 1700);
insert into FullTimers (riderId, monthNum, workdayStart, workdayEnd, shiftNum, baseSalary) values (20, 1, 3, 7, 2, 1700);
insert into FullTimers (riderId, monthNum, workdayStart, workdayEnd, shiftNum, baseSalary) values (20, 2, 3, 7, 4, 1700);
insert into FullTimers (riderId, monthNum, workdayStart, workdayEnd, shiftNum, baseSalary) values (20, 3, 6, 3, 3, 1700);
insert into FullTimers (riderId, monthNum, workdayStart, workdayEnd, shiftNum, baseSalary) values (20, 4, 7, 4, 4, 1700);
insert into FullTimers (riderId, monthNum, workdayStart, workdayEnd, shiftNum, baseSalary) values (20, 5, 2, 6, 4, 1700);
insert into FullTimers (riderId, monthNum, workdayStart, workdayEnd, shiftNum, baseSalary) values (20, 6, 1, 5, 1, 1700);
insert into FullTimers (riderId, monthNum, workdayStart, workdayEnd, shiftNum, baseSalary) values (20, 7, 6, 3, 2, 1700);
insert into FullTimers (riderId, monthNum, workdayStart, workdayEnd, shiftNum, baseSalary) values (20, 8, 2, 6, 3, 1700);
insert into FullTimers (riderId, monthNum, workdayStart, workdayEnd, shiftNum, baseSalary) values (20, 9, 2, 6, 4, 1700);
insert into FullTimers (riderId, monthNum, workdayStart, workdayEnd, shiftNum, baseSalary) values (20, 10, 4, 1, 3, 1700);
insert into FullTimers (riderId, monthNum, workdayStart, workdayEnd, shiftNum, baseSalary) values (20, 11, 7, 4, 2, 1700);
insert into FullTimers (riderId, monthNum, workdayStart, workdayEnd, shiftNum, baseSalary) values (20, 12, 3, 7, 2, 1700);
insert into FullTimers (riderId, monthNum, workdayStart, workdayEnd, shiftNum, baseSalary) values (20, 13, 3, 7, 4, 1700);
insert into FullTimers (riderId, monthNum, workdayStart, workdayEnd, shiftNum, baseSalary) values (20, 14, 5, 2, 2, 1700);
insert into FullTimers (riderId, monthNum, workdayStart, workdayEnd, shiftNum, baseSalary) values (20, 15, 6, 3, 4, 1700);
insert into FullTimers (riderId, monthNum, workdayStart, workdayEnd, shiftNum, baseSalary) values (20, 16, 7, 4, 1, 1700);
insert into FullTimers (riderId, monthNum, workdayStart, workdayEnd, shiftNum, baseSalary) values (20, 17, 1, 5, 3, 1700);
insert into FullTimers (riderId, monthNum, workdayStart, workdayEnd, shiftNum, baseSalary) values (20, 18, 7, 4, 2, 1700);
insert into FullTimers (riderId, monthNum, workdayStart, workdayEnd, shiftNum, baseSalary) values (23, 1, 1, 5, 4, 1700);
insert into FullTimers (riderId, monthNum, workdayStart, workdayEnd, shiftNum, baseSalary) values (23, 2, 3, 7, 1, 1700);
insert into FullTimers (riderId, monthNum, workdayStart, workdayEnd, shiftNum, baseSalary) values (23, 3, 4, 1, 3, 1700);
insert into FullTimers (riderId, monthNum, workdayStart, workdayEnd, shiftNum, baseSalary) values (23, 4, 5, 2, 2, 1700);
insert into FullTimers (riderId, monthNum, workdayStart, workdayEnd, shiftNum, baseSalary) values (23, 5, 5, 2, 1, 1700);
insert into FullTimers (riderId, monthNum, workdayStart, workdayEnd, shiftNum, baseSalary) values (23, 6, 7, 4, 1, 1700);
insert into FullTimers (riderId, monthNum, workdayStart, workdayEnd, shiftNum, baseSalary) values (23, 7, 6, 3, 2, 1700);
insert into FullTimers (riderId, monthNum, workdayStart, workdayEnd, shiftNum, baseSalary) values (23, 8, 4, 1, 2, 1700);
insert into FullTimers (riderId, monthNum, workdayStart, workdayEnd, shiftNum, baseSalary) values (23, 9, 4, 1, 2, 1700);
insert into FullTimers (riderId, monthNum, workdayStart, workdayEnd, shiftNum, baseSalary) values (23, 10, 2, 6, 3, 1700);
insert into FullTimers (riderId, monthNum, workdayStart, workdayEnd, shiftNum, baseSalary) values (23, 11, 2, 6, 4, 1700);
insert into FullTimers (riderId, monthNum, workdayStart, workdayEnd, shiftNum, baseSalary) values (23, 12, 4, 1, 2, 1700);
insert into FullTimers (riderId, monthNum, workdayStart, workdayEnd, shiftNum, baseSalary) values (23, 13, 5, 2, 1, 1700);
insert into FullTimers (riderId, monthNum, workdayStart, workdayEnd, shiftNum, baseSalary) values (23, 14, 5, 2, 4, 1700);
insert into FullTimers (riderId, monthNum, workdayStart, workdayEnd, shiftNum, baseSalary) values (23, 15, 1, 5, 1, 1700);
insert into FullTimers (riderId, monthNum, workdayStart, workdayEnd, shiftNum, baseSalary) values (23, 16, 3, 7, 2, 1700);
insert into FullTimers (riderId, monthNum, workdayStart, workdayEnd, shiftNum, baseSalary) values (23, 17, 2, 6, 4, 1700);
insert into FullTimers (riderId, monthNum, workdayStart, workdayEnd, shiftNum, baseSalary) values (23, 18, 6, 3, 4, 1700);
insert into FullTimers (riderId, monthNum, workdayStart, workdayEnd, shiftNum, baseSalary) values (26, 1, 3, 7, 4, 1700);
insert into FullTimers (riderId, monthNum, workdayStart, workdayEnd, shiftNum, baseSalary) values (26, 2, 2, 6, 1, 1700);
insert into FullTimers (riderId, monthNum, workdayStart, workdayEnd, shiftNum, baseSalary) values (26, 3, 4, 1, 2, 1700);
insert into FullTimers (riderId, monthNum, workdayStart, workdayEnd, shiftNum, baseSalary) values (26, 4, 3, 7, 4, 1700);
insert into FullTimers (riderId, monthNum, workdayStart, workdayEnd, shiftNum, baseSalary) values (26, 5, 4, 1, 3, 1700);
insert into FullTimers (riderId, monthNum, workdayStart, workdayEnd, shiftNum, baseSalary) values (26, 6, 7, 4, 1, 1700);
insert into FullTimers (riderId, monthNum, workdayStart, workdayEnd, shiftNum, baseSalary) values (26, 7, 3, 7, 3, 1700);
insert into FullTimers (riderId, monthNum, workdayStart, workdayEnd, shiftNum, baseSalary) values (26, 8, 5, 2, 4, 1700);
insert into FullTimers (riderId, monthNum, workdayStart, workdayEnd, shiftNum, baseSalary) values (26, 9, 4, 1, 4, 1700);
insert into FullTimers (riderId, monthNum, workdayStart, workdayEnd, shiftNum, baseSalary) values (26, 10, 6, 3, 3, 1700);
insert into FullTimers (riderId, monthNum, workdayStart, workdayEnd, shiftNum, baseSalary) values (26, 11, 1, 5, 1, 1700);
insert into FullTimers (riderId, monthNum, workdayStart, workdayEnd, shiftNum, baseSalary) values (26, 12, 5, 2, 4, 1700);
insert into FullTimers (riderId, monthNum, workdayStart, workdayEnd, shiftNum, baseSalary) values (26, 13, 1, 5, 2, 1700);
insert into FullTimers (riderId, monthNum, workdayStart, workdayEnd, shiftNum, baseSalary) values (26, 14, 6, 3, 1, 1700);
insert into FullTimers (riderId, monthNum, workdayStart, workdayEnd, shiftNum, baseSalary) values (26, 15, 2, 6, 4, 1700);
insert into FullTimers (riderId, monthNum, workdayStart, workdayEnd, shiftNum, baseSalary) values (28, 1, 2, 6, 4, 1700);
insert into FullTimers (riderId, monthNum, workdayStart, workdayEnd, shiftNum, baseSalary) values (28, 2, 6, 3, 3, 1700);
insert into FullTimers (riderId, monthNum, workdayStart, workdayEnd, shiftNum, baseSalary) values (28, 3, 6, 3, 2, 1700);
insert into FullTimers (riderId, monthNum, workdayStart, workdayEnd, shiftNum, baseSalary) values (28, 4, 7, 4, 2, 1700);
insert into FullTimers (riderId, monthNum, workdayStart, workdayEnd, shiftNum, baseSalary) values (28, 5, 2, 6, 2, 1700);
insert into FullTimers (riderId, monthNum, workdayStart, workdayEnd, shiftNum, baseSalary) values (28, 6, 1, 5, 3, 1700);
insert into FullTimers (riderId, monthNum, workdayStart, workdayEnd, shiftNum, baseSalary) values (28, 7, 5, 2, 1, 1700);
insert into FullTimers (riderId, monthNum, workdayStart, workdayEnd, shiftNum, baseSalary) values (28, 8, 3, 7, 4, 1700);
insert into FullTimers (riderId, monthNum, workdayStart, workdayEnd, shiftNum, baseSalary) values (28, 9, 4, 1, 3, 1700);
insert into FullTimers (riderId, monthNum, workdayStart, workdayEnd, shiftNum, baseSalary) values (28, 10, 1, 5, 1, 1700);
insert into FullTimers (riderId, monthNum, workdayStart, workdayEnd, shiftNum, baseSalary) values (28, 11, 6, 3, 3, 1700);
insert into FullTimers (riderId, monthNum, workdayStart, workdayEnd, shiftNum, baseSalary) values (28, 12, 3, 7, 2, 1700);
insert into FullTimers (riderId, monthNum, workdayStart, workdayEnd, shiftNum, baseSalary) values (28, 13, 1, 5, 4, 1700);
insert into FullTimers (riderId, monthNum, workdayStart, workdayEnd, shiftNum, baseSalary) values (28, 14, 1, 5, 3, 1700);
insert into FullTimers (riderId, monthNum, workdayStart, workdayEnd, shiftNum, baseSalary) values (28, 15, 1, 5, 4, 1700);
insert into FullTimers (riderId, monthNum, workdayStart, workdayEnd, shiftNum, baseSalary) values (29, 1, 1, 5, 1, 1700);
insert into FullTimers (riderId, monthNum, workdayStart, workdayEnd, shiftNum, baseSalary) values (29, 2, 1, 5, 2, 1700);
insert into FullTimers (riderId, monthNum, workdayStart, workdayEnd, shiftNum, baseSalary) values (29, 3, 7, 4, 1, 1700);
insert into FullTimers (riderId, monthNum, workdayStart, workdayEnd, shiftNum, baseSalary) values (29, 4, 5, 2, 3, 1700);
insert into FullTimers (riderId, monthNum, workdayStart, workdayEnd, shiftNum, baseSalary) values (29, 5, 7, 4, 2, 1700);
insert into FullTimers (riderId, monthNum, workdayStart, workdayEnd, shiftNum, baseSalary) values (29, 6, 5, 2, 4, 1700);
insert into FullTimers (riderId, monthNum, workdayStart, workdayEnd, shiftNum, baseSalary) values (29, 7, 3, 7, 1, 1700);
insert into FullTimers (riderId, monthNum, workdayStart, workdayEnd, shiftNum, baseSalary) values (29, 8, 1, 5, 1, 1700);
insert into FullTimers (riderId, monthNum, workdayStart, workdayEnd, shiftNum, baseSalary) values (29, 9, 4, 1, 2, 1700);
insert into FullTimers (riderId, monthNum, workdayStart, workdayEnd, shiftNum, baseSalary) values (29, 10, 6, 3, 2, 1700);
insert into FullTimers (riderId, monthNum, workdayStart, workdayEnd, shiftNum, baseSalary) values (29, 11, 4, 1, 4, 1700);
insert into FullTimers (riderId, monthNum, workdayStart, workdayEnd, shiftNum, baseSalary) values (29, 12, 4, 1, 4, 1700);
insert into FullTimers (riderId, monthNum, workdayStart, workdayEnd, shiftNum, baseSalary) values (29, 13, 2, 6, 4, 1700);
insert into FullTimers (riderId, monthNum, workdayStart, workdayEnd, shiftNum, baseSalary) values (29, 14, 2, 6, 3, 1700);
insert into FullTimers (riderId, monthNum, workdayStart, workdayEnd, shiftNum, baseSalary) values (29, 15, 5, 2, 3, 1700);

insert into Orders (orderId, customerId, riderId, restaurantId, dateOfOrder, timeOfOrder, deliveryLocationArea, totalCost, departureTimeToRestaurant, arrivialTimeAtRestaurant, departureTimeToDestination, arrivalTimeAtDestination) values (1, 1, 1, 1, '2020-05-03', '17:16:57', 'S100001', 39.20, '17:21:57', '17:31:57', '17:36:57', '17:46:57');
insert into Orders (orderId, customerId, riderId, restaurantId, dateOfOrder, timeOfOrder, deliveryLocationArea, totalCost, departureTimeToRestaurant, arrivialTimeAtRestaurant, departureTimeToDestination, arrivalTimeAtDestination) values (2, 2, 2, 2, '2020-05-03', '17:16:57', 'S100003', 24.27, '17:21:57', '17:31:57', '17:36:57', '17:46:57');
insert into Orders (orderId, customerId, riderId, restaurantId, dateOfOrder, timeOfOrder, deliveryLocationArea, totalCost, departureTimeToRestaurant, arrivialTimeAtRestaurant, departureTimeToDestination, arrivalTimeAtDestination) values (3, 3, 3, 3, '2020-05-03', '17:16:57', 'S100006', 24.27, '17:21:57', '17:31:57', '17:36:57', '17:46:57');
insert into Orders (orderId, customerId, riderId, restaurantId, dateOfOrder, timeOfOrder, deliveryLocationArea, totalCost, departureTimeToRestaurant, arrivialTimeAtRestaurant, departureTimeToDestination, arrivalTimeAtDestination) values (4, 4, 4, 4, '2020-05-03', '17:16:57', 'S100010', 37.63, '17:21:57', '17:31:57', '17:36:57', '17:46:57');
insert into Orders (orderId, customerId, riderId, restaurantId, dateOfOrder, timeOfOrder, deliveryLocationArea, totalCost, departureTimeToRestaurant, arrivialTimeAtRestaurant, departureTimeToDestination, arrivalTimeAtDestination) values (5, 5, 1, 5, '2020-05-03', '17:16:57', 'S100015', 41.00, '17:21:57', '17:31:57', '17:36:57', '17:46:57');
insert into Orders (orderId, customerId, riderId, restaurantId, dateOfOrder, timeOfOrder, deliveryLocationArea, totalCost, departureTimeToRestaurant, arrivialTimeAtRestaurant, departureTimeToDestination, arrivalTimeAtDestination) values (6, 6, 1, 6, '2020-05-03', '17:16:57', 'S100021', 41.00, '17:21:57', '17:31:57', '17:36:57', '17:46:57');
insert into Orders (orderId, customerId, riderId, restaurantId, dateOfOrder, timeOfOrder, deliveryLocationArea, totalCost, departureTimeToRestaurant, arrivialTimeAtRestaurant, departureTimeToDestination, arrivalTimeAtDestination) values (7, 7, 2, 7, '2020-05-03', '17:16:57', 'S100028', 30.65, '17:21:57', '17:31:57', '17:36:57', '17:46:57');
insert into Orders (orderId, customerId, riderId, restaurantId, dateOfOrder, timeOfOrder, deliveryLocationArea, totalCost, departureTimeToRestaurant, arrivialTimeAtRestaurant, departureTimeToDestination, arrivalTimeAtDestination) values (8, 8, 3, 8, '2020-05-03', '17:16:57', 'S100036', 39.20, '17:21:57', '17:31:57', '17:36:57', '17:46:57');
insert into Orders (orderId, customerId, riderId, restaurantId, dateOfOrder, timeOfOrder, deliveryLocationArea, totalCost, departureTimeToRestaurant, arrivialTimeAtRestaurant, departureTimeToDestination, arrivalTimeAtDestination) values (9, 9, 4, 9, '2020-05-03', '17:16:57', 'S100045', 41.00, '17:21:57', '17:31:57', '17:36:57', '17:46:57');
insert into Orders (orderId, customerId, riderId, restaurantId, dateOfOrder, timeOfOrder, deliveryLocationArea, totalCost, departureTimeToRestaurant, arrivialTimeAtRestaurant, departureTimeToDestination, arrivalTimeAtDestination) values (10, 10, 1, 10, '2020-05-03', '17:16:57', 'S100055', 41.00, '17:21:57', '17:31:57', '17:36:57', '17:46:57');
insert into Orders (orderId, customerId, riderId, restaurantId, dateOfOrder, timeOfOrder, deliveryLocationArea, totalCost, departureTimeToRestaurant, arrivialTimeAtRestaurant, departureTimeToDestination, arrivalTimeAtDestination) values (11, 11, 1, 11, '2020-05-03', '17:16:57', 'S100066', 30.65, '17:21:57', '17:31:57', '17:36:57', '17:46:57');
insert into Orders (orderId, customerId, riderId, restaurantId, dateOfOrder, timeOfOrder, deliveryLocationArea, totalCost, departureTimeToRestaurant, arrivialTimeAtRestaurant, departureTimeToDestination, arrivalTimeAtDestination) values (12, 12, 2, 12, '2020-05-03', '17:16:57', 'S100078', 41.00, '17:21:57', '17:31:57', '17:36:57', '17:46:57');
insert into Orders (orderId, customerId, riderId, restaurantId, dateOfOrder, timeOfOrder, deliveryLocationArea, totalCost, departureTimeToRestaurant, arrivialTimeAtRestaurant, departureTimeToDestination, arrivalTimeAtDestination) values (13, 13, 3, 13, '2020-05-03', '17:16:57', 'S100091', 30.65, '17:21:57', '17:31:57', '17:36:57', '17:46:57');
insert into Orders (orderId, customerId, riderId, restaurantId, dateOfOrder, timeOfOrder, deliveryLocationArea, totalCost, departureTimeToRestaurant, arrivialTimeAtRestaurant, departureTimeToDestination, arrivalTimeAtDestination) values (14, 14, 4, 14, '2020-05-03', '17:16:57', 'S100105', 40.70, '17:21:57', '17:31:57', '17:36:57', '17:46:57');
insert into Orders (orderId, customerId, riderId, restaurantId, dateOfOrder, timeOfOrder, deliveryLocationArea, totalCost, departureTimeToRestaurant, arrivialTimeAtRestaurant, departureTimeToDestination, arrivalTimeAtDestination) values (15, 15, 1, 15, '2020-05-03', '17:16:57', 'S100120', 37.63, '17:21:57', '17:31:57', '17:36:57', '17:46:57');
insert into Orders (orderId, customerId, riderId, restaurantId, dateOfOrder, timeOfOrder, deliveryLocationArea, totalCost, departureTimeToRestaurant, arrivialTimeAtRestaurant, departureTimeToDestination, arrivalTimeAtDestination) values (16, 16, 1, 16, '2020-05-03', '17:16:57', 'S100136', 39.20, '17:21:57', '17:31:57', '17:36:57', '17:46:57');
insert into Orders (orderId, customerId, riderId, restaurantId, dateOfOrder, timeOfOrder, deliveryLocationArea, totalCost, departureTimeToRestaurant, arrivialTimeAtRestaurant, departureTimeToDestination, arrivalTimeAtDestination) values (17, 17, 2, 17, '2020-05-03', '17:16:57', 'S100153', 37.63, '17:21:57', '17:31:57', '17:36:57', '17:46:57');
insert into Orders (orderId, customerId, riderId, restaurantId, dateOfOrder, timeOfOrder, deliveryLocationArea, totalCost, departureTimeToRestaurant, arrivialTimeAtRestaurant, departureTimeToDestination, arrivalTimeAtDestination) values (18, 18, 3, 18, '2020-05-03', '17:16:57', 'S100171', 31.40, '17:21:57', '17:31:57', '17:36:57', '17:46:57');
insert into Orders (orderId, customerId, riderId, restaurantId, dateOfOrder, timeOfOrder, deliveryLocationArea, totalCost, departureTimeToRestaurant, arrivialTimeAtRestaurant, departureTimeToDestination, arrivalTimeAtDestination) values (19, 19, 4, 19, '2020-05-03', '17:16:57', 'S100190', 24.20, '17:21:57', '17:31:57', '17:36:57', '17:46:57');
insert into Orders (orderId, customerId, riderId, restaurantId, dateOfOrder, timeOfOrder, deliveryLocationArea, totalCost, departureTimeToRestaurant, arrivialTimeAtRestaurant, departureTimeToDestination, arrivalTimeAtDestination) values (20, 20, 1, 20, '2020-05-03', '17:16:57', 'S100210', 24.20, '17:21:57', '17:31:57', '17:36:57', '17:46:57');
insert into Orders (orderId, customerId, riderId, restaurantId, dateOfOrder, timeOfOrder, deliveryLocationArea, totalCost, departureTimeToRestaurant, arrivialTimeAtRestaurant, departureTimeToDestination, arrivalTimeAtDestination) values (21, 21, 1, 21, '2020-05-03', '17:16:57', 'S100231', 39.20, '17:21:57', '17:31:57', '17:36:57', '17:46:57');
insert into Orders (orderId, customerId, riderId, restaurantId, dateOfOrder, timeOfOrder, deliveryLocationArea, totalCost, departureTimeToRestaurant, arrivialTimeAtRestaurant, departureTimeToDestination, arrivalTimeAtDestination) values (22, 22, 2, 22, '2020-05-03', '17:16:57', 'S100253', 24.27, '17:21:57', '17:31:57', '17:36:57', '17:46:57');
insert into Orders (orderId, customerId, riderId, restaurantId, dateOfOrder, timeOfOrder, deliveryLocationArea, totalCost, departureTimeToRestaurant, arrivialTimeAtRestaurant, departureTimeToDestination, arrivalTimeAtDestination) values (23, 23, 3, 23, '2020-05-03', '17:16:57', 'S100276', 38.30, '17:21:57', '17:31:57', '17:36:57', '17:46:57');
insert into Orders (orderId, customerId, riderId, restaurantId, dateOfOrder, timeOfOrder, deliveryLocationArea, totalCost, departureTimeToRestaurant, arrivialTimeAtRestaurant, departureTimeToDestination, arrivalTimeAtDestination) values (24, 24, 4, 24, '2020-05-03', '17:16:57', 'S100300', 31.40, '17:21:57', '17:31:57', '17:36:57', '17:46:57');
insert into Orders (orderId, customerId, riderId, restaurantId, dateOfOrder, timeOfOrder, deliveryLocationArea, totalCost, departureTimeToRestaurant, arrivialTimeAtRestaurant, departureTimeToDestination, arrivalTimeAtDestination) values (25, 25, 1, 25, '2020-05-03', '17:16:57', 'S100325', 33.58, '17:21:57', '17:31:57', '17:36:57', '17:46:57');
insert into Orders (orderId, customerId, riderId, restaurantId, dateOfOrder, timeOfOrder, deliveryLocationArea, totalCost, departureTimeToRestaurant, arrivialTimeAtRestaurant, departureTimeToDestination, arrivalTimeAtDestination) values (26, 26, 1, 26, '2020-05-03', '17:16:57', 'S100351', 41.00, '17:21:57', '17:31:57', '17:36:57', '17:46:57');
insert into Orders (orderId, customerId, riderId, restaurantId, dateOfOrder, timeOfOrder, deliveryLocationArea, totalCost, departureTimeToRestaurant, arrivialTimeAtRestaurant, departureTimeToDestination, arrivalTimeAtDestination) values (27, 27, 2, 27, '2020-05-03', '17:16:57', 'S100378', 41.00, '17:21:57', '17:31:57', '17:36:57', '17:46:57');
insert into Orders (orderId, customerId, riderId, restaurantId, dateOfOrder, timeOfOrder, deliveryLocationArea, totalCost, departureTimeToRestaurant, arrivialTimeAtRestaurant, departureTimeToDestination, arrivalTimeAtDestination) values (28, 28, 3, 28, '2020-05-03', '17:16:57', 'S100406', 41.00, '17:21:57', '17:31:57', '17:36:57', '17:46:57');
insert into Orders (orderId, customerId, riderId, restaurantId, dateOfOrder, timeOfOrder, deliveryLocationArea, totalCost, departureTimeToRestaurant, arrivialTimeAtRestaurant, departureTimeToDestination, arrivalTimeAtDestination) values (29, 29, 4, 29, '2020-05-03', '17:16:57', 'S100435', 39.20, '17:21:57', '17:31:57', '17:36:57', '17:46:57');
insert into Orders (orderId, customerId, riderId, restaurantId, dateOfOrder, timeOfOrder, deliveryLocationArea, totalCost, departureTimeToRestaurant, arrivialTimeAtRestaurant, departureTimeToDestination, arrivalTimeAtDestination) values (30, 30, 1, 30, '2020-05-03', '17:16:57', 'S100465', 39.05, '17:21:57', '17:31:57', '17:36:57', '17:46:57');
insert into Orders (orderId, customerId, riderId, restaurantId, dateOfOrder, timeOfOrder, deliveryLocationArea, totalCost, departureTimeToRestaurant, arrivialTimeAtRestaurant, departureTimeToDestination, arrivalTimeAtDestination) values (31, 1, 1, 1, '2020-05-03', '17:16:57', 'S100496', 41.75, '17:21:57', '17:31:57', '17:36:57', '17:46:57');
insert into Orders (orderId, customerId, riderId, restaurantId, dateOfOrder, timeOfOrder, deliveryLocationArea, totalCost, departureTimeToRestaurant, arrivialTimeAtRestaurant, departureTimeToDestination, arrivalTimeAtDestination) values (32, 1, 2, 1, '2020-05-03', '17:16:57', 'S100528', 41.60, '17:21:57', '17:31:57', '17:36:57', '17:46:57');
insert into Orders (orderId, customerId, riderId, restaurantId, dateOfOrder, timeOfOrder, deliveryLocationArea, totalCost, departureTimeToRestaurant, arrivialTimeAtRestaurant, departureTimeToDestination, arrivalTimeAtDestination) values (33, 2, 3, 2, '2020-05-03', '17:16:57', 'S100561', 39.05, '17:21:57', '17:31:57', '17:36:57', '17:46:57');
insert into Orders (orderId, customerId, riderId, restaurantId, dateOfOrder, timeOfOrder, deliveryLocationArea, totalCost, departureTimeToRestaurant, arrivialTimeAtRestaurant, departureTimeToDestination, arrivalTimeAtDestination) values (34, 3, 4, 3, '2020-05-03', '17:16:57', 'S100595', 40.70, '17:21:57', '17:31:57', '17:36:57', '17:46:57');
insert into Orders (orderId, customerId, riderId, restaurantId, dateOfOrder, timeOfOrder, deliveryLocationArea, totalCost, departureTimeToRestaurant, arrivialTimeAtRestaurant, departureTimeToDestination, arrivalTimeAtDestination) values (35, 4, 1, 4, '2020-05-03', '17:16:57', 'S100630', 41.00, '17:21:57', '17:31:57', '17:36:57', '17:46:57');
insert into Orders (orderId, customerId, riderId, restaurantId, dateOfOrder, timeOfOrder, deliveryLocationArea, totalCost, departureTimeToRestaurant, arrivialTimeAtRestaurant, departureTimeToDestination, arrivalTimeAtDestination) values (36, 5, 1, 5, '2020-05-03', '17:16:57', 'S100666', 33.58, '17:21:57', '17:31:57', '17:36:57', '17:46:57');
insert into Orders (orderId, customerId, riderId, restaurantId, dateOfOrder, timeOfOrder, deliveryLocationArea, totalCost, departureTimeToRestaurant, arrivialTimeAtRestaurant, departureTimeToDestination, arrivalTimeAtDestination) values (37, 6, 2, 6, '2020-05-03', '17:16:57', 'S100703', 41.60, '17:21:57', '17:31:57', '17:36:57', '17:46:57');
insert into Orders (orderId, customerId, riderId, restaurantId, dateOfOrder, timeOfOrder, deliveryLocationArea, totalCost, departureTimeToRestaurant, arrivialTimeAtRestaurant, departureTimeToDestination, arrivalTimeAtDestination) values (38, 7, 3, 7, '2020-05-03', '17:16:57', 'S100741', 31.40, '17:21:57', '17:31:57', '17:36:57', '17:46:57');
insert into Orders (orderId, customerId, riderId, restaurantId, dateOfOrder, timeOfOrder, deliveryLocationArea, totalCost, departureTimeToRestaurant, arrivialTimeAtRestaurant, departureTimeToDestination, arrivalTimeAtDestination) values (39, 8, 4, 8, '2020-05-03', '17:16:57', 'S100780', 24.20, '17:21:57', '17:31:57', '17:36:57', '17:46:57');
insert into Orders (orderId, customerId, riderId, restaurantId, dateOfOrder, timeOfOrder, deliveryLocationArea, totalCost, departureTimeToRestaurant, arrivialTimeAtRestaurant, departureTimeToDestination, arrivalTimeAtDestination) values (40, 9, 1, 9, '2020-05-03', '17:16:57', 'S100820', 24.20, '17:21:57', '17:31:57', '17:36:57', '17:46:57');
insert into Orders (orderId, customerId, riderId, restaurantId, dateOfOrder, timeOfOrder, deliveryLocationArea, totalCost, departureTimeToRestaurant, arrivialTimeAtRestaurant, departureTimeToDestination, arrivalTimeAtDestination) values (41, 10, 1, 10, '2020-05-03', '17:16:57', 'S100861', 34.40, '17:21:57', '17:31:57', '17:36:57', '17:46:57');
insert into Orders (orderId, customerId, riderId, restaurantId, dateOfOrder, timeOfOrder, deliveryLocationArea, totalCost, departureTimeToRestaurant, arrivialTimeAtRestaurant, departureTimeToDestination, arrivalTimeAtDestination) values (42, 11, 2, 11, '2020-05-03', '17:16:57', 'S100903', 39.05, '17:21:57', '17:31:57', '17:36:57', '17:46:57');
insert into Orders (orderId, customerId, riderId, restaurantId, dateOfOrder, timeOfOrder, deliveryLocationArea, totalCost, departureTimeToRestaurant, arrivialTimeAtRestaurant, departureTimeToDestination, arrivalTimeAtDestination) values (43, 12, 3, 12, '2020-05-03', '17:16:57', 'S100946', 41.00, '17:21:57', '17:31:57', '17:36:57', '17:46:57');
insert into Orders (orderId, customerId, riderId, restaurantId, dateOfOrder, timeOfOrder, deliveryLocationArea, totalCost, departureTimeToRestaurant, arrivialTimeAtRestaurant, departureTimeToDestination, arrivalTimeAtDestination) values (44, 13, 4, 13, '2020-05-03', '17:16:57', 'S100990', 33.58, '17:21:57', '17:31:57', '17:36:57', '17:46:57');
insert into Orders (orderId, customerId, riderId, restaurantId, dateOfOrder, timeOfOrder, deliveryLocationArea, totalCost, departureTimeToRestaurant, arrivialTimeAtRestaurant, departureTimeToDestination, arrivalTimeAtDestination) values (45, 14, 1, 14, '2020-05-03', '17:16:57', 'S101035', 30.65, '17:21:57', '17:31:57', '17:36:57', '17:46:57');
insert into Orders (orderId, customerId, riderId, restaurantId, dateOfOrder, timeOfOrder, deliveryLocationArea, totalCost, departureTimeToRestaurant, arrivialTimeAtRestaurant, departureTimeToDestination, arrivalTimeAtDestination) values (46, 15, 1, 15, '2020-05-03', '17:16:57', 'S101081', 41.60, '17:21:57', '17:31:57', '17:36:57', '17:46:57');
insert into Orders (orderId, customerId, riderId, restaurantId, dateOfOrder, timeOfOrder, deliveryLocationArea, totalCost, departureTimeToRestaurant, arrivialTimeAtRestaurant, departureTimeToDestination, arrivalTimeAtDestination) values (47, 16, 2, 16, '2020-05-03', '17:16:57', 'S101128', 31.40, '17:21:57', '17:31:57', '17:36:57', '17:46:57');
insert into Orders (orderId, customerId, riderId, restaurantId, dateOfOrder, timeOfOrder, deliveryLocationArea, totalCost, departureTimeToRestaurant, arrivialTimeAtRestaurant, departureTimeToDestination, arrivalTimeAtDestination) values (48, 17, 3, 17, '2020-05-03', '17:16:57', 'S101176', 41.60, '17:21:57', '17:31:57', '17:36:57', '17:46:57');
insert into Orders (orderId, customerId, riderId, restaurantId, dateOfOrder, timeOfOrder, deliveryLocationArea, totalCost, departureTimeToRestaurant, arrivialTimeAtRestaurant, departureTimeToDestination, arrivalTimeAtDestination) values (49, 18, 4, 18, '2020-05-03', '17:16:57', 'S101225', 40.70, '17:21:57', '17:31:57', '17:36:57', '17:46:57');
insert into Orders (orderId, customerId, riderId, restaurantId, dateOfOrder, timeOfOrder, deliveryLocationArea, totalCost, departureTimeToRestaurant, arrivialTimeAtRestaurant, departureTimeToDestination, arrivalTimeAtDestination) values (50, 19, 1, 19, '2020-05-03', '17:16:57', 'S101275', 39.05, '17:21:57', '17:31:57', '17:36:57', '17:46:57');
insert into Orders (orderId, customerId, riderId, restaurantId, dateOfOrder, timeOfOrder, deliveryLocationArea, totalCost, departureTimeToRestaurant, arrivialTimeAtRestaurant, departureTimeToDestination, arrivalTimeAtDestination) values (51, 20, 1, 20, '2020-05-03', '17:16:57', 'S101326', 39.20, '17:21:57', '17:31:57', '17:36:57', '17:46:57');
insert into Orders (orderId, customerId, riderId, restaurantId, dateOfOrder, timeOfOrder, deliveryLocationArea, totalCost, departureTimeToRestaurant, arrivialTimeAtRestaurant, departureTimeToDestination, arrivalTimeAtDestination) values (52, 21, 2, 21, '2020-05-03', '17:16:57', 'S101378', 41.00, '17:21:57', '17:31:57', '17:36:57', '17:46:57');
insert into Orders (orderId, customerId, riderId, restaurantId, dateOfOrder, timeOfOrder, deliveryLocationArea, totalCost, departureTimeToRestaurant, arrivialTimeAtRestaurant, departureTimeToDestination, arrivalTimeAtDestination) values (53, 22, 3, 22, '2020-05-03', '17:16:57', 'S101431', 39.05, '17:21:57', '17:31:57', '17:36:57', '17:46:57');
insert into Orders (orderId, customerId, riderId, restaurantId, dateOfOrder, timeOfOrder, deliveryLocationArea, totalCost, departureTimeToRestaurant, arrivialTimeAtRestaurant, departureTimeToDestination, arrivalTimeAtDestination) values (54, 23, 4, 23, '2020-05-03', '17:16:57', 'S101485', 33.58, '17:21:57', '17:31:57', '17:36:57', '17:46:57');
insert into Orders (orderId, customerId, riderId, restaurantId, dateOfOrder, timeOfOrder, deliveryLocationArea, totalCost, departureTimeToRestaurant, arrivialTimeAtRestaurant, departureTimeToDestination, arrivalTimeAtDestination) values (55, 24, 1, 24, '2020-05-03', '17:16:57', 'S101540', 38.30, '17:21:57', '17:31:57', '17:36:57', '17:46:57');
insert into Orders (orderId, customerId, riderId, restaurantId, dateOfOrder, timeOfOrder, deliveryLocationArea, totalCost, departureTimeToRestaurant, arrivialTimeAtRestaurant, departureTimeToDestination, arrivalTimeAtDestination) values (56, 25, 1, 25, '2020-05-03', '17:16:57', 'S101596', 37.63, '17:21:57', '17:31:57', '17:36:57', '17:46:57');
insert into Orders (orderId, customerId, riderId, restaurantId, dateOfOrder, timeOfOrder, deliveryLocationArea, totalCost, departureTimeToRestaurant, arrivialTimeAtRestaurant, departureTimeToDestination, arrivalTimeAtDestination) values (57, 26, 2, 26, '2020-05-03', '17:16:57', 'S101653', 41.60, '17:21:57', '17:31:57', '17:36:57', '17:46:57');
insert into Orders (orderId, customerId, riderId, restaurantId, dateOfOrder, timeOfOrder, deliveryLocationArea, totalCost, departureTimeToRestaurant, arrivialTimeAtRestaurant, departureTimeToDestination, arrivalTimeAtDestination) values (58, 27, 3, 27, '2020-05-03', '17:16:57', 'S101711', 24.27, '17:21:57', '17:31:57', '17:36:57', '17:46:57');
insert into Orders (orderId, customerId, riderId, restaurantId, dateOfOrder, timeOfOrder, deliveryLocationArea, totalCost, departureTimeToRestaurant, arrivialTimeAtRestaurant, departureTimeToDestination, arrivalTimeAtDestination) values (59, 28, 4, 28, '2020-05-03', '17:16:57', 'S101770', 34.40, '17:21:57', '17:31:57', '17:36:57', '17:46:57');
insert into Orders (orderId, customerId, riderId, restaurantId, dateOfOrder, timeOfOrder, deliveryLocationArea, totalCost, departureTimeToRestaurant, arrivialTimeAtRestaurant, departureTimeToDestination, arrivalTimeAtDestination) values (60, 29, 1, 29, '2020-05-03', '17:16:57', 'S101830', 39.05, '17:21:57', '17:31:57', '17:36:57', '17:46:57');
insert into Orders (orderId, customerId, riderId, restaurantId, dateOfOrder, timeOfOrder, deliveryLocationArea, totalCost, departureTimeToRestaurant, arrivialTimeAtRestaurant, departureTimeToDestination, arrivalTimeAtDestination) values (61, 30, 1, 30, '2020-05-03', '17:16:57', 'S101891', 41.00, '17:21:57', '17:31:57', '17:36:57', '17:46:57');
insert into Orders (orderId, customerId, riderId, restaurantId, dateOfOrder, timeOfOrder, deliveryLocationArea, totalCost, departureTimeToRestaurant, arrivialTimeAtRestaurant, departureTimeToDestination, arrivalTimeAtDestination) values (62, 1, 2, 1, '2020-05-03', '17:16:57', 'S101953', 34.40, '17:21:57', '17:31:57', '17:36:57', '17:46:57');
insert into Orders (orderId, customerId, riderId, restaurantId, dateOfOrder, timeOfOrder, deliveryLocationArea, totalCost, departureTimeToRestaurant, arrivialTimeAtRestaurant, departureTimeToDestination, arrivalTimeAtDestination) values (63, 1, 3, 1, '2020-05-03', '17:16:57', 'S102016', 37.63, '17:21:57', '17:31:57', '17:36:57', '17:46:57');
insert into Orders (orderId, customerId, riderId, restaurantId, dateOfOrder, timeOfOrder, deliveryLocationArea, totalCost, departureTimeToRestaurant, arrivialTimeAtRestaurant, departureTimeToDestination, arrivalTimeAtDestination) values (64, 2, 4, 2, '2020-05-03', '17:16:57', 'S102080', 31.40, '17:21:57', '17:31:57', '17:36:57', '17:46:57');
insert into Orders (orderId, customerId, riderId, restaurantId, dateOfOrder, timeOfOrder, deliveryLocationArea, totalCost, departureTimeToRestaurant, arrivialTimeAtRestaurant, departureTimeToDestination, arrivalTimeAtDestination) values (65, 3, 1, 3, '2020-05-03', '17:16:57', 'S102145', 41.00, '17:21:57', '17:31:57', '17:36:57', '17:46:57');
insert into Orders (orderId, customerId, riderId, restaurantId, dateOfOrder, timeOfOrder, deliveryLocationArea, totalCost, departureTimeToRestaurant, arrivialTimeAtRestaurant, departureTimeToDestination, arrivalTimeAtDestination) values (66, 4, 1, 4, '2020-05-03', '17:16:57', 'S102211', 34.40, '17:21:57', '17:31:57', '17:36:57', '17:46:57');
insert into Orders (orderId, customerId, riderId, restaurantId, dateOfOrder, timeOfOrder, deliveryLocationArea, totalCost, departureTimeToRestaurant, arrivialTimeAtRestaurant, departureTimeToDestination, arrivalTimeAtDestination) values (67, 5, 2, 5, '2020-05-03', '17:16:57', 'S102278', 24.27, '17:21:57', '17:31:57', '17:36:57', '17:46:57');
insert into Orders (orderId, customerId, riderId, restaurantId, dateOfOrder, timeOfOrder, deliveryLocationArea, totalCost, departureTimeToRestaurant, arrivialTimeAtRestaurant, departureTimeToDestination, arrivalTimeAtDestination) values (68, 6, 3, 6, '2020-05-03', '17:16:57', 'S102346', 41.60, '17:21:57', '17:31:57', '17:36:57', '17:46:57');
insert into Orders (orderId, customerId, riderId, restaurantId, dateOfOrder, timeOfOrder, deliveryLocationArea, totalCost, departureTimeToRestaurant, arrivialTimeAtRestaurant, departureTimeToDestination, arrivalTimeAtDestination) values (69, 7, 4, 7, '2020-05-03', '17:16:57', 'S102415', 41.60, '17:21:57', '17:31:57', '17:36:57', '17:46:57');
insert into Orders (orderId, customerId, riderId, restaurantId, dateOfOrder, timeOfOrder, deliveryLocationArea, totalCost, departureTimeToRestaurant, arrivialTimeAtRestaurant, departureTimeToDestination, arrivalTimeAtDestination) values (70, 8, 1, 8, '2020-05-03', '17:16:57', 'S102485', 24.27, '17:21:57', '17:31:57', '17:36:57', '17:46:57');
insert into Orders (orderId, customerId, riderId, restaurantId, dateOfOrder, timeOfOrder, deliveryLocationArea, totalCost, departureTimeToRestaurant, arrivialTimeAtRestaurant, departureTimeToDestination, arrivalTimeAtDestination) values (71, 9, 1, 9, '2020-05-03', '17:16:57', 'S102556', 38.30, '17:21:57', '17:31:57', '17:36:57', '17:46:57');
insert into Orders (orderId, customerId, riderId, restaurantId, dateOfOrder, timeOfOrder, deliveryLocationArea, totalCost, departureTimeToRestaurant, arrivialTimeAtRestaurant, departureTimeToDestination, arrivalTimeAtDestination) values (72, 10, 2, 10, '2020-05-03', '17:16:57', 'S102628', 41.60, '17:21:57', '17:31:57', '17:36:57', '17:46:57');
insert into Orders (orderId, customerId, riderId, restaurantId, dateOfOrder, timeOfOrder, deliveryLocationArea, totalCost, departureTimeToRestaurant, arrivialTimeAtRestaurant, departureTimeToDestination, arrivalTimeAtDestination) values (73, 11, 3, 11, '2020-05-03', '17:16:57', 'S102701', 40.70, '17:21:57', '17:31:57', '17:36:57', '17:46:57');
insert into Orders (orderId, customerId, riderId, restaurantId, dateOfOrder, timeOfOrder, deliveryLocationArea, totalCost, departureTimeToRestaurant, arrivialTimeAtRestaurant, departureTimeToDestination, arrivalTimeAtDestination) values (74, 12, 4, 12, '2020-05-03', '17:16:57', 'S102775', 40.70, '17:21:57', '17:31:57', '17:36:57', '17:46:57');
insert into Orders (orderId, customerId, riderId, restaurantId, dateOfOrder, timeOfOrder, deliveryLocationArea, totalCost, departureTimeToRestaurant, arrivialTimeAtRestaurant, departureTimeToDestination, arrivalTimeAtDestination) values (75, 13, 1, 13, '2020-05-03', '17:16:57', 'S102850', 33.58, '17:21:57', '17:31:57', '17:36:57', '17:46:57');
insert into Orders (orderId, customerId, riderId, restaurantId, dateOfOrder, timeOfOrder, deliveryLocationArea, totalCost, departureTimeToRestaurant, arrivialTimeAtRestaurant, departureTimeToDestination, arrivalTimeAtDestination) values (76, 14, 1, 14, '2020-05-03', '17:16:57', 'S102926', 39.20, '17:21:57', '17:31:57', '17:36:57', '17:46:57');
insert into Orders (orderId, customerId, riderId, restaurantId, dateOfOrder, timeOfOrder, deliveryLocationArea, totalCost, departureTimeToRestaurant, arrivialTimeAtRestaurant, departureTimeToDestination, arrivalTimeAtDestination) values (77, 15, 2, 15, '2020-05-03', '17:16:57', 'S103003', 41.60, '17:21:57', '17:31:57', '17:36:57', '17:46:57');
insert into Orders (orderId, customerId, riderId, restaurantId, dateOfOrder, timeOfOrder, deliveryLocationArea, totalCost, departureTimeToRestaurant, arrivialTimeAtRestaurant, departureTimeToDestination, arrivalTimeAtDestination) values (78, 16, 3, 16, '2020-05-03', '17:16:57', 'S103081', 31.40, '17:21:57', '17:31:57', '17:36:57', '17:46:57');
insert into Orders (orderId, customerId, riderId, restaurantId, dateOfOrder, timeOfOrder, deliveryLocationArea, totalCost, departureTimeToRestaurant, arrivialTimeAtRestaurant, departureTimeToDestination, arrivalTimeAtDestination) values (79, 17, 4, 17, '2020-05-03', '17:16:57', 'S103160', 39.20, '17:21:57', '17:31:57', '17:36:57', '17:46:57');
insert into Orders (orderId, customerId, riderId, restaurantId, dateOfOrder, timeOfOrder, deliveryLocationArea, totalCost, departureTimeToRestaurant, arrivialTimeAtRestaurant, departureTimeToDestination, arrivalTimeAtDestination) values (80, 18, 1, 18, '2020-05-03', '17:16:57', 'S103240', 26.08, '17:21:57', '17:31:57', '17:36:57', '17:46:57');
insert into Orders (orderId, customerId, riderId, restaurantId, dateOfOrder, timeOfOrder, deliveryLocationArea, totalCost, departureTimeToRestaurant, arrivialTimeAtRestaurant, departureTimeToDestination, arrivalTimeAtDestination) values (81, 19, 1, 19, '2020-05-03', '17:16:57', 'S103321', 30.65, '17:21:57', '17:31:57', '17:36:57', '17:46:57');
insert into Orders (orderId, customerId, riderId, restaurantId, dateOfOrder, timeOfOrder, deliveryLocationArea, totalCost, departureTimeToRestaurant, arrivialTimeAtRestaurant, departureTimeToDestination, arrivalTimeAtDestination) values (82, 20, 2, 20, '2020-05-03', '17:16:57', 'S103403', 39.20, '17:21:57', '17:31:57', '17:36:57', '17:46:57');
insert into Orders (orderId, customerId, riderId, restaurantId, dateOfOrder, timeOfOrder, deliveryLocationArea, totalCost, departureTimeToRestaurant, arrivialTimeAtRestaurant, departureTimeToDestination, arrivalTimeAtDestination) values (83, 21, 3, 21, '2020-05-03', '17:16:57', 'S103486', 37.63, '17:21:57', '17:31:57', '17:36:57', '17:46:57');
insert into Orders (orderId, customerId, riderId, restaurantId, dateOfOrder, timeOfOrder, deliveryLocationArea, totalCost, departureTimeToRestaurant, arrivialTimeAtRestaurant, departureTimeToDestination, arrivalTimeAtDestination) values (84, 22, 4, 22, '2020-05-03', '17:16:57', 'S103570', 41.00, '17:21:57', '17:31:57', '17:36:57', '17:46:57');
insert into Orders (orderId, customerId, riderId, restaurantId, dateOfOrder, timeOfOrder, deliveryLocationArea, totalCost, departureTimeToRestaurant, arrivialTimeAtRestaurant, departureTimeToDestination, arrivalTimeAtDestination) values (85, 23, 1, 23, '2020-05-03', '17:16:57', 'S103655', 40.70, '17:21:57', '17:31:57', '17:36:57', '17:46:57');
insert into Orders (orderId, customerId, riderId, restaurantId, dateOfOrder, timeOfOrder, deliveryLocationArea, totalCost, departureTimeToRestaurant, arrivialTimeAtRestaurant, departureTimeToDestination, arrivalTimeAtDestination) values (86, 24, 1, 24, '2020-05-03', '17:16:57', 'S103741', 24.27, '17:21:57', '17:31:57', '17:36:57', '17:46:57');
insert into Orders (orderId, customerId, riderId, restaurantId, dateOfOrder, timeOfOrder, deliveryLocationArea, totalCost, departureTimeToRestaurant, arrivialTimeAtRestaurant, departureTimeToDestination, arrivalTimeAtDestination) values (87, 25, 2, 25, '2020-05-03', '17:16:57', 'S103828', 41.60, '17:21:57', '17:31:57', '17:36:57', '17:46:57');
insert into Orders (orderId, customerId, riderId, restaurantId, dateOfOrder, timeOfOrder, deliveryLocationArea, totalCost, departureTimeToRestaurant, arrivialTimeAtRestaurant, departureTimeToDestination, arrivalTimeAtDestination) values (88, 26, 3, 26, '2020-05-03', '17:16:57', 'S103916', 39.20, '17:21:57', '17:31:57', '17:36:57', '17:46:57');
insert into Orders (orderId, customerId, riderId, restaurantId, dateOfOrder, timeOfOrder, deliveryLocationArea, totalCost, departureTimeToRestaurant, arrivialTimeAtRestaurant, departureTimeToDestination, arrivalTimeAtDestination) values (89, 27, 4, 27, '2020-05-03', '17:16:57', 'S104005', 41.60, '17:21:57', '17:31:57', '17:36:57', '17:46:57');

insert into OrderDetails (orderId, itemId, quantity, promotionId, orderCost, pointsObtained, pointsRedeemed, paymentMode) values (1, 21, 8, 2, 34.20, 3, 0, 'Card');
insert into OrderDetails (orderId, itemId, quantity, promotionId, orderCost, pointsObtained, pointsRedeemed, paymentMode) values (2, 22, 1, 2, 19.27, 1, 0, 'Card');
insert into OrderDetails (orderId, itemId, quantity, promotionId, orderCost, pointsObtained, pointsRedeemed, paymentMode) values (3, 22, 1, 2, 19.27, 1, 0, 'Card');
insert into OrderDetails (orderId, itemId, quantity, promotionId, orderCost, pointsObtained, pointsRedeemed, paymentMode) values (4, 26, 5, 2, 32.63, 3, 0, 'Card');
insert into OrderDetails (orderId, itemId, quantity, promotionId, orderCost, pointsObtained, pointsRedeemed, paymentMode) values (5, 28, 5, 2, 36.00, 3, 0, 'Card');
insert into OrderDetails (orderId, itemId, quantity, promotionId, orderCost, pointsObtained, pointsRedeemed, paymentMode) values (6, 23, 3, 2, 36.00, 3, 0, 'Card');
insert into OrderDetails (orderId, itemId, quantity, promotionId, orderCost, pointsObtained, pointsRedeemed, paymentMode) values (7, 24, 2, 2, 25.65, 2, 0, 'Card');
insert into OrderDetails (orderId, itemId, quantity, promotionId, orderCost, pointsObtained, pointsRedeemed, paymentMode) values (8, 1, 3, 2, 34.20, 3, 0, 'Card');
insert into OrderDetails (orderId, itemId, quantity, promotionId, orderCost, pointsObtained, pointsRedeemed, paymentMode) values (9, 23, 3, 2, 36.00, 3, 0, 'Card');
insert into OrderDetails (orderId, itemId, quantity, promotionId, orderCost, pointsObtained, pointsRedeemed, paymentMode) values (10, 23, 3, 2, 36.00, 3, 0, 'Card');
insert into OrderDetails (orderId, itemId, quantity, promotionId, orderCost, pointsObtained, pointsRedeemed, paymentMode) values (11, 24, 2, 2, 25.65, 2, 0, 'Card');
insert into OrderDetails (orderId, itemId, quantity, promotionId, orderCost, pointsObtained, pointsRedeemed, paymentMode) values (12, 28, 5, 2, 36.00, 3, 0, 'Card');
insert into OrderDetails (orderId, itemId, quantity, promotionId, orderCost, pointsObtained, pointsRedeemed, paymentMode) values (13, 24, 2, 2, 25.65, 2, 0, 'Card');
insert into OrderDetails (orderId, itemId, quantity, promotionId, orderCost, pointsObtained, pointsRedeemed, paymentMode) values (14, 7, 4, 2, 35.70, 3, 0, 'Card');
insert into OrderDetails (orderId, itemId, quantity, promotionId, orderCost, pointsObtained, pointsRedeemed, paymentMode) values (15, 26, 5, 2, 32.63, 3, 0, 'Card');
insert into OrderDetails (orderId, itemId, quantity, promotionId, orderCost, pointsObtained, pointsRedeemed, paymentMode) values (16, 21, 8, 2, 34.20, 3, 0, 'Card');
insert into OrderDetails (orderId, itemId, quantity, promotionId, orderCost, pointsObtained, pointsRedeemed, paymentMode) values (17, 26, 5, 2, 32.63, 3, 0, 'Card');
insert into OrderDetails (orderId, itemId, quantity, promotionId, orderCost, pointsObtained, pointsRedeemed, paymentMode) values (18, 25, 2, 2, 26.40, 2, 0, 'Card');
insert into OrderDetails (orderId, itemId, quantity, promotionId, orderCost, pointsObtained, pointsRedeemed, paymentMode) values (19, 12, 1, 2, 19.20, 1, 0, 'Card');
insert into OrderDetails (orderId, itemId, quantity, promotionId, orderCost, pointsObtained, pointsRedeemed, paymentMode) values (20, 12, 1, 2, 19.20, 1, 0, 'Card');
insert into OrderDetails (orderId, itemId, quantity, promotionId, orderCost, pointsObtained, pointsRedeemed, paymentMode) values (21, 1, 3, 2, 34.20, 3, 0, 'Card');
insert into OrderDetails (orderId, itemId, quantity, promotionId, orderCost, pointsObtained, pointsRedeemed, paymentMode) values (22, 22, 1, 2, 19.27, 1, 0, 'Card');
insert into OrderDetails (orderId, itemId, quantity, promotionId, orderCost, pointsObtained, pointsRedeemed, paymentMode) values (23, 20, 4, 2, 33.30, 3, 0, 'Card');
insert into OrderDetails (orderId, itemId, quantity, promotionId, orderCost, pointsObtained, pointsRedeemed, paymentMode) values (24, 25, 2, 2, 26.40, 2, 0, 'Card');
insert into OrderDetails (orderId, itemId, quantity, promotionId, orderCost, pointsObtained, pointsRedeemed, paymentMode) values (25, 29, 3, 2, 28.58, 2, 0, 'Card');
insert into OrderDetails (orderId, itemId, quantity, promotionId, orderCost, pointsObtained, pointsRedeemed, paymentMode) values (26, 23, 3, 2, 36.00, 3, 0, 'Card');
insert into OrderDetails (orderId, itemId, quantity, promotionId, orderCost, pointsObtained, pointsRedeemed, paymentMode) values (27, 23, 3, 2, 36.00, 3, 0, 'Card');
insert into OrderDetails (orderId, itemId, quantity, promotionId, orderCost, pointsObtained, pointsRedeemed, paymentMode) values (28, 23, 3, 2, 36.00, 3, 0, 'Card');
insert into OrderDetails (orderId, itemId, quantity, promotionId, orderCost, pointsObtained, pointsRedeemed, paymentMode) values (29, 1, 3, 2, 34.20, 3, 0, 'Card');
insert into OrderDetails (orderId, itemId, quantity, promotionId, orderCost, pointsObtained, pointsRedeemed, paymentMode) values (30, 6, 2, 2, 34.05, 3, 0, 'Card');
insert into OrderDetails (orderId, itemId, quantity, promotionId, orderCost, pointsObtained, pointsRedeemed, paymentMode) values (31, 2, 7, 2, 36.75, 3, 0, 'Card');
insert into OrderDetails (orderId, itemId, quantity, promotionId, orderCost, pointsObtained, pointsRedeemed, paymentMode) values (32, 17, 4, 2, 36.60, 3, 0, 'Card');
insert into OrderDetails (orderId, itemId, quantity, promotionId, orderCost, pointsObtained, pointsRedeemed, paymentMode) values (33, 6, 2, 2, 34.05, 3, 0, 'Card');
insert into OrderDetails (orderId, itemId, quantity, promotionId, orderCost, pointsObtained, pointsRedeemed, paymentMode) values (34, 7, 4, 2, 35.70, 3, 0, 'Card');
insert into OrderDetails (orderId, itemId, quantity, promotionId, orderCost, pointsObtained, pointsRedeemed, paymentMode) values (35, 28, 5, 2, 36.00, 3, 0, 'Card');
insert into OrderDetails (orderId, itemId, quantity, promotionId, orderCost, pointsObtained, pointsRedeemed, paymentMode) values (36, 29, 3, 2, 28.58, 2, 0, 'Card');
insert into OrderDetails (orderId, itemId, quantity, promotionId, orderCost, pointsObtained, pointsRedeemed, paymentMode) values (37, 17, 4, 2, 36.60, 3, 0, 'Card');
insert into OrderDetails (orderId, itemId, quantity, promotionId, orderCost, pointsObtained, pointsRedeemed, paymentMode) values (38, 25, 2, 2, 26.40, 2, 0, 'Card');
insert into OrderDetails (orderId, itemId, quantity, promotionId, orderCost, pointsObtained, pointsRedeemed, paymentMode) values (39, 12, 1, 2, 19.20, 1, 0, 'Card');
insert into OrderDetails (orderId, itemId, quantity, promotionId, orderCost, pointsObtained, pointsRedeemed, paymentMode) values (40, 12, 1, 2, 19.20, 1, 0, 'Card');
insert into OrderDetails (orderId, itemId, quantity, promotionId, orderCost, pointsObtained, pointsRedeemed, paymentMode) values (41, 14, 2, 2, 29.40, 2, 0, 'Card');
insert into OrderDetails (orderId, itemId, quantity, promotionId, orderCost, pointsObtained, pointsRedeemed, paymentMode) values (42, 6, 2, 2, 34.05, 3, 0, 'Card');
insert into OrderDetails (orderId, itemId, quantity, promotionId, orderCost, pointsObtained, pointsRedeemed, paymentMode) values (43, 23, 3, 2, 36.00, 3, 0, 'Card');
insert into OrderDetails (orderId, itemId, quantity, promotionId, orderCost, pointsObtained, pointsRedeemed, paymentMode) values (44, 29, 3, 2, 28.58, 2, 0, 'Card');
insert into OrderDetails (orderId, itemId, quantity, promotionId, orderCost, pointsObtained, pointsRedeemed, paymentMode) values (45, 24, 2, 2, 25.65, 2, 0, 'Card');
insert into OrderDetails (orderId, itemId, quantity, promotionId, orderCost, pointsObtained, pointsRedeemed, paymentMode) values (46, 17, 4, 2, 36.60, 3, 0, 'Card');
insert into OrderDetails (orderId, itemId, quantity, promotionId, orderCost, pointsObtained, pointsRedeemed, paymentMode) values (47, 25, 2, 2, 26.40, 2, 0, 'Card');
insert into OrderDetails (orderId, itemId, quantity, promotionId, orderCost, pointsObtained, pointsRedeemed, paymentMode) values (48, 17, 4, 2, 36.60, 3, 0, 'Card');
insert into OrderDetails (orderId, itemId, quantity, promotionId, orderCost, pointsObtained, pointsRedeemed, paymentMode) values (49, 7, 4, 2, 35.70, 3, 0, 'Card');
insert into OrderDetails (orderId, itemId, quantity, promotionId, orderCost, pointsObtained, pointsRedeemed, paymentMode) values (50, 6, 2, 2, 34.05, 3, 0, 'Card');
insert into OrderDetails (orderId, itemId, quantity, promotionId, orderCost, pointsObtained, pointsRedeemed, paymentMode) values (51, 1, 3, 2, 34.20, 3, 0, 'Card');
insert into OrderDetails (orderId, itemId, quantity, promotionId, orderCost, pointsObtained, pointsRedeemed, paymentMode) values (52, 28, 5, 2, 36.00, 3, 0, 'Card');
insert into OrderDetails (orderId, itemId, quantity, promotionId, orderCost, pointsObtained, pointsRedeemed, paymentMode) values (53, 6, 2, 2, 34.05, 3, 0, 'Card');
insert into OrderDetails (orderId, itemId, quantity, promotionId, orderCost, pointsObtained, pointsRedeemed, paymentMode) values (54, 29, 3, 2, 28.58, 2, 0, 'Card');
insert into OrderDetails (orderId, itemId, quantity, promotionId, orderCost, pointsObtained, pointsRedeemed, paymentMode) values (55, 20, 4, 2, 33.30, 3, 0, 'Card');
insert into OrderDetails (orderId, itemId, quantity, promotionId, orderCost, pointsObtained, pointsRedeemed, paymentMode) values (56, 26, 5, 2, 32.63, 3, 0, 'Card');
insert into OrderDetails (orderId, itemId, quantity, promotionId, orderCost, pointsObtained, pointsRedeemed, paymentMode) values (57, 17, 4, 2, 36.60, 3, 0, 'Card');
insert into OrderDetails (orderId, itemId, quantity, promotionId, orderCost, pointsObtained, pointsRedeemed, paymentMode) values (58, 22, 1, 2, 19.27, 1, 0, 'Card');
insert into OrderDetails (orderId, itemId, quantity, promotionId, orderCost, pointsObtained, pointsRedeemed, paymentMode) values (59, 14, 2, 2, 29.40, 2, 0, 'Card');
insert into OrderDetails (orderId, itemId, quantity, promotionId, orderCost, pointsObtained, pointsRedeemed, paymentMode) values (60, 6, 2, 2, 34.05, 3, 0, 'Card');
insert into OrderDetails (orderId, itemId, quantity, promotionId, orderCost, pointsObtained, pointsRedeemed, paymentMode) values (61, 23, 3, 2, 36.00, 3, 0, 'Card');
insert into OrderDetails (orderId, itemId, quantity, promotionId, orderCost, pointsObtained, pointsRedeemed, paymentMode) values (62, 14, 2, 2, 29.40, 2, 0, 'Card');
insert into OrderDetails (orderId, itemId, quantity, promotionId, orderCost, pointsObtained, pointsRedeemed, paymentMode) values (63, 26, 5, 2, 32.63, 3, 0, 'Card');
insert into OrderDetails (orderId, itemId, quantity, promotionId, orderCost, pointsObtained, pointsRedeemed, paymentMode) values (64, 25, 2, 2, 26.40, 2, 0, 'Card');
insert into OrderDetails (orderId, itemId, quantity, promotionId, orderCost, pointsObtained, pointsRedeemed, paymentMode) values (65, 28, 5, 2, 36.00, 3, 0, 'Card');
insert into OrderDetails (orderId, itemId, quantity, promotionId, orderCost, pointsObtained, pointsRedeemed, paymentMode) values (66, 14, 2, 2, 29.40, 2, 0, 'Card');
insert into OrderDetails (orderId, itemId, quantity, promotionId, orderCost, pointsObtained, pointsRedeemed, paymentMode) values (67, 22, 1, 2, 19.27, 1, 0, 'Card');
insert into OrderDetails (orderId, itemId, quantity, promotionId, orderCost, pointsObtained, pointsRedeemed, paymentMode) values (68, 17, 4, 2, 36.60, 3, 0, 'Card');
insert into OrderDetails (orderId, itemId, quantity, promotionId, orderCost, pointsObtained, pointsRedeemed, paymentMode) values (69, 17, 4, 2, 36.60, 3, 0, 'Card');
insert into OrderDetails (orderId, itemId, quantity, promotionId, orderCost, pointsObtained, pointsRedeemed, paymentMode) values (70, 22, 1, 2, 19.27, 1, 0, 'Card');
insert into OrderDetails (orderId, itemId, quantity, promotionId, orderCost, pointsObtained, pointsRedeemed, paymentMode) values (71, 20, 4, 2, 33.30, 3, 0, 'Card');
insert into OrderDetails (orderId, itemId, quantity, promotionId, orderCost, pointsObtained, pointsRedeemed, paymentMode) values (72, 17, 4, 2, 36.60, 3, 0, 'Card');
insert into OrderDetails (orderId, itemId, quantity, promotionId, orderCost, pointsObtained, pointsRedeemed, paymentMode) values (73, 7, 4, 2, 35.70, 3, 0, 'Card');
insert into OrderDetails (orderId, itemId, quantity, promotionId, orderCost, pointsObtained, pointsRedeemed, paymentMode) values (74, 7, 4, 2, 35.70, 3, 0, 'Card');
insert into OrderDetails (orderId, itemId, quantity, promotionId, orderCost, pointsObtained, pointsRedeemed, paymentMode) values (75, 29, 3, 2, 28.58, 2, 0, 'Card');
insert into OrderDetails (orderId, itemId, quantity, promotionId, orderCost, pointsObtained, pointsRedeemed, paymentMode) values (76, 1, 3, 2, 34.20, 3, 0, 'Card');
insert into OrderDetails (orderId, itemId, quantity, promotionId, orderCost, pointsObtained, pointsRedeemed, paymentMode) values (77, 17, 4, 2, 36.60, 3, 0, 'Card');
insert into OrderDetails (orderId, itemId, quantity, promotionId, orderCost, pointsObtained, pointsRedeemed, paymentMode) values (78, 25, 2, 2, 26.40, 2, 0, 'Card');
insert into OrderDetails (orderId, itemId, quantity, promotionId, orderCost, pointsObtained, pointsRedeemed, paymentMode) values (79, 21, 8, 2, 34.20, 3, 0, 'Card');
insert into OrderDetails (orderId, itemId, quantity, promotionId, orderCost, pointsObtained, pointsRedeemed, paymentMode) values (80, 10, 1, 2, 21.08, 2, 0, 'Card');
insert into OrderDetails (orderId, itemId, quantity, promotionId, orderCost, pointsObtained, pointsRedeemed, paymentMode) values (81, 24, 2, 2, 25.65, 2, 0, 'Card');
insert into OrderDetails (orderId, itemId, quantity, promotionId, orderCost, pointsObtained, pointsRedeemed, paymentMode) values (82, 1, 3, 2, 34.20, 3, 0, 'Card');
insert into OrderDetails (orderId, itemId, quantity, promotionId, orderCost, pointsObtained, pointsRedeemed, paymentMode) values (83, 26, 5, 2, 32.63, 3, 0, 'Card');
insert into OrderDetails (orderId, itemId, quantity, promotionId, orderCost, pointsObtained, pointsRedeemed, paymentMode) values (84, 28, 5, 2, 36.00, 3, 0, 'Card');
insert into OrderDetails (orderId, itemId, quantity, promotionId, orderCost, pointsObtained, pointsRedeemed, paymentMode) values (85, 7, 4, 2, 35.70, 3, 0, 'Card');
insert into OrderDetails (orderId, itemId, quantity, promotionId, orderCost, pointsObtained, pointsRedeemed, paymentMode) values (86, 22, 1, 2, 19.27, 1, 0, 'Card');
insert into OrderDetails (orderId, itemId, quantity, promotionId, orderCost, pointsObtained, pointsRedeemed, paymentMode) values (87, 17, 4, 2, 36.60, 3, 0, 'Card');
insert into OrderDetails (orderId, itemId, quantity, promotionId, orderCost, pointsObtained, pointsRedeemed, paymentMode) values (88, 21, 8, 2, 34.20, 3, 0, 'Card');
insert into OrderDetails (orderId, itemId, quantity, promotionId, orderCost, pointsObtained, pointsRedeemed, paymentMode) values (89, 17, 4, 2, 36.60, 3, 0, 'Card');

insert into Last_5_Dests (customerId, latest, second_latest, third_latest, fourth_latest, fifth_latest) values (1, 'S100001', 'S100496', 'S100528', 'S101953', 'S102016');
insert into Last_5_Dests (customerId, latest, second_latest, third_latest, fourth_latest, fifth_latest) values (2, 'S100003', 'S100561', 'S102080', NULL, NULL);
insert into Last_5_Dests (customerId, latest, second_latest, third_latest, fourth_latest, fifth_latest) values (3, 'S100006', 'S100595', 'S102145', NULL, NULL);
insert into Last_5_Dests (customerId, latest, second_latest, third_latest, fourth_latest, fifth_latest) values (4, 'S100010', 'S100630', 'S102211', NULL, NULL);
insert into Last_5_Dests (customerId, latest, second_latest, third_latest, fourth_latest, fifth_latest) values (5, 'S100015', 'S100666', 'S102278', NULL, NULL);
insert into Last_5_Dests (customerId, latest, second_latest, third_latest, fourth_latest, fifth_latest) values (6, 'S100021', 'S100703', 'S102346', NULL, NULL);
insert into Last_5_Dests (customerId, latest, second_latest, third_latest, fourth_latest, fifth_latest) values (7, 'S100028', 'S100741', 'S102415', NULL, NULL);
insert into Last_5_Dests (customerId, latest, second_latest, third_latest, fourth_latest, fifth_latest) values (8, 'S100036', 'S100780', 'S102485', NULL, NULL);
insert into Last_5_Dests (customerId, latest, second_latest, third_latest, fourth_latest, fifth_latest) values (9, 'S100045', 'S100820', 'S102556', NULL, NULL);
insert into Last_5_Dests (customerId, latest, second_latest, third_latest, fourth_latest, fifth_latest) values (10, 'S100055', 'S100861', 'S102628', NULL, NULL);
insert into Last_5_Dests (customerId, latest, second_latest, third_latest, fourth_latest, fifth_latest) values (11, 'S100066', 'S100903', 'S102701', NULL, NULL);
insert into Last_5_Dests (customerId, latest, second_latest, third_latest, fourth_latest, fifth_latest) values (12, 'S100078', 'S100946', 'S102775', NULL, NULL);
insert into Last_5_Dests (customerId, latest, second_latest, third_latest, fourth_latest, fifth_latest) values (13, 'S100091', 'S100990', 'S102850', NULL, NULL);
insert into Last_5_Dests (customerId, latest, second_latest, third_latest, fourth_latest, fifth_latest) values (14, 'S100105', 'S101035', 'S102926', NULL, NULL);
insert into Last_5_Dests (customerId, latest, second_latest, third_latest, fourth_latest, fifth_latest) values (15, 'S100120', 'S101081', 'S103003', NULL, NULL);
insert into Last_5_Dests (customerId, latest, second_latest, third_latest, fourth_latest, fifth_latest) values (16, 'S100136', 'S101128', 'S103081', NULL, NULL);
insert into Last_5_Dests (customerId, latest, second_latest, third_latest, fourth_latest, fifth_latest) values (17, 'S100153', 'S101176', 'S103160', NULL, NULL);
insert into Last_5_Dests (customerId, latest, second_latest, third_latest, fourth_latest, fifth_latest) values (18, 'S100171', 'S101225', 'S103240', NULL, NULL);
insert into Last_5_Dests (customerId, latest, second_latest, third_latest, fourth_latest, fifth_latest) values (19, 'S100190', 'S101275', 'S103321', NULL, NULL);
insert into Last_5_Dests (customerId, latest, second_latest, third_latest, fourth_latest, fifth_latest) values (20, 'S100210', 'S101326', 'S103403', NULL, NULL);
insert into Last_5_Dests (customerId, latest, second_latest, third_latest, fourth_latest, fifth_latest) values (21, 'S103486', 'S100231', 'S101378', NULL, NULL);
insert into Last_5_Dests (customerId, latest, second_latest, third_latest, fourth_latest, fifth_latest) values (22, 'S103570', 'S100253', 'S101431', NULL, NULL);
insert into Last_5_Dests (customerId, latest, second_latest, third_latest, fourth_latest, fifth_latest) values (23, 'S103655', 'S100276', 'S101485', NULL, NULL);
insert into Last_5_Dests (customerId, latest, second_latest, third_latest, fourth_latest, fifth_latest) values (24, 'S103741', 'S100300', 'S101540', NULL, NULL);
insert into Last_5_Dests (customerId, latest, second_latest, third_latest, fourth_latest, fifth_latest) values (25, 'S103828', 'S100325', 'S101596', NULL, NULL);
insert into Last_5_Dests (customerId, latest, second_latest, third_latest, fourth_latest, fifth_latest) values (26, 'S103916', 'S100351', 'S101653', NULL, NULL);
insert into Last_5_Dests (customerId, latest, second_latest, third_latest, fourth_latest, fifth_latest) values (27, 'S104005', 'S100378', 'S101711', NULL, NULL);
insert into Last_5_Dests (customerId, latest, second_latest, third_latest, fourth_latest, fifth_latest) values (28, 'S100406', 'S101770', NULL, NULL, NULL);
insert into Last_5_Dests (customerId, latest, second_latest, third_latest, fourth_latest, fifth_latest) values (29, 'S100435', 'S101830', NULL, NULL, NULL);
insert into Last_5_Dests (customerId, latest, second_latest, third_latest, fourth_latest, fifth_latest) values (30, 'S100465', 'S101891', NULL, NULL, NULL);

insert into Reviews (reviewId, orderId, review, rating) values (1, 1, 'Fast and good', 4);
insert into Reviews (reviewId, orderId, review, rating) values (2, 2, 'Good pricing', 5);
insert into Reviews (reviewId, orderId, review, rating) values (3, 3, 'Food was delicious', 5);
insert into Reviews (reviewId, orderId, review, rating) values (4, 4, 'Good pricing', 4);
insert into Reviews (reviewId, orderId, review, rating) values (5, 5, 'Fast delivery time', 4);
insert into Reviews (reviewId, orderId, review, rating) values (6, 6, 'Fast delivery time', 5);
insert into Reviews (reviewId, orderId, review, rating) values (7, 7, '10/10 would recommend', 4);
insert into Reviews (reviewId, orderId, review, rating) values (8, 8, '10/10 would recommend', 4);
insert into Reviews (reviewId, orderId, review, rating) values (9, 9, '10/10 would recommend', 5);
insert into Reviews (reviewId, orderId, review, rating) values (10, 10, 'Fast and good', 4);
insert into Reviews (reviewId, orderId, review, rating) values (11, 11, null, 4);
insert into Reviews (reviewId, orderId, review, rating) values (12, 12, 'Fast delivery time', 5);
insert into Reviews (reviewId, orderId, review, rating) values (13, 13, 'Fast and good', 5);
insert into Reviews (reviewId, orderId, review, rating) values (14, 14, 'Food was delicious', 4);
insert into Reviews (reviewId, orderId, review, rating) values (15, 15, 'Fast and good', 4);
insert into Reviews (reviewId, orderId, review, rating) values (16, 16, '10/10 would recommend', 5);
insert into Reviews (reviewId, orderId, review, rating) values (17, 17, 'Fast delivery time', 4);
insert into Reviews (reviewId, orderId, review, rating) values (18, 18, 'Fast delivery time', 5);
insert into Reviews (reviewId, orderId, review, rating) values (19, 19, '10/10 would recommend', 4);
insert into Reviews (reviewId, orderId, review, rating) values (20, 20, 'Fast delivery time', 5);
insert into Reviews (reviewId, orderId, review, rating) values (21, 21, 'Food was cold on delivery', 3);
insert into Reviews (reviewId, orderId, review, rating) values (22, 22, 'Slow delivery', 3);
insert into Reviews (reviewId, orderId, review, rating) values (23, 23, null, 3);
insert into Reviews (reviewId, orderId, review, rating) values (24, 24, 'Overpriced', 3);
insert into Reviews (reviewId, orderId, review, rating) values (25, 25, null, 2);
insert into Reviews (reviewId, orderId, review, rating) values (26, 26, 'Overpriced', 1);
insert into Reviews (reviewId, orderId, review, rating) values (27, 27, null, 3);
insert into Reviews (reviewId, orderId, review, rating) values (28, 28, null, 3);
insert into Reviews (reviewId, orderId, review, rating) values (29, 29, null, 1);
insert into Reviews (reviewId, orderId, review, rating) values (30, 30, null, 3);
insert into Reviews (reviewId, orderId, review, rating) values (31, 31, 'Food was cold on delivery', 3);
insert into Reviews (reviewId, orderId, review, rating) values (32, 32, 'Overpriced', 2);
insert into Reviews (reviewId, orderId, review, rating) values (33, 33, 'Overpriced', 2);
insert into Reviews (reviewId, orderId, review, rating) values (34, 34, 'Undercooked', 3);
insert into Reviews (reviewId, orderId, review, rating) values (35, 35, 'Undercooked', 1);
insert into Reviews (reviewId, orderId, review, rating) values (36, 36, null, 3);
insert into Reviews (reviewId, orderId, review, rating) values (37, 37, null, 3);
insert into Reviews (reviewId, orderId, review, rating) values (38, 38, null, 2);
insert into Reviews (reviewId, orderId, review, rating) values (39, 39, null, 3);
insert into Reviews (reviewId, orderId, review, rating) values (40, 40, 'Undercooked', 3);
