insert into Customers (customerId, first_name, last_name, accumulatedPoints, usedPoints, beginMonth) values (1, 'Garry', 'Woodall', 648, 918, 11);
insert into Customers (customerId, first_name, last_name, accumulatedPoints, usedPoints, beginMonth) values (2, 'Giorgio', 'Varvell', 148, 912, 2);
insert into Customers (customerId, first_name, last_name, accumulatedPoints, usedPoints, beginMonth) values (3, 'Florida', 'Schmuhl', 219, 671, 1);
insert into Customers (customerId, first_name, last_name, accumulatedPoints, usedPoints, beginMonth) values (4, 'Maryann', 'Stoddart', 389, 654, 3);
insert into Customers (customerId, first_name, last_name, accumulatedPoints, usedPoints, beginMonth) values (5, 'Kaine', 'Barenskie', 182, 591, 12);
insert into Customers (customerId, first_name, last_name, accumulatedPoints, usedPoints, beginMonth) values (6, 'Lorettalorna', 'DelaField', 690, 604, 8);
insert into Customers (customerId, first_name, last_name, accumulatedPoints, usedPoints, beginMonth) values (7, 'Vance', 'Band', 974, 176, 10);
insert into Customers (customerId, first_name, last_name, accumulatedPoints, usedPoints, beginMonth) values (8, 'Molli', 'Barkly', 25, 704, 1);
insert into Customers (customerId, first_name, last_name, accumulatedPoints, usedPoints, beginMonth) values (9, 'Cassy', 'Letteresse', 452, 655, 8);
insert into Customers (customerId, first_name, last_name, accumulatedPoints, usedPoints, beginMonth) values (10, 'Gertie', 'Courson', 593, 458, 8);
insert into Customers (customerId, first_name, last_name, accumulatedPoints, usedPoints, beginMonth) values (11, 'Linzy', 'Maiden', 764, 656, 4);
insert into Customers (customerId, first_name, last_name, accumulatedPoints, usedPoints, beginMonth) values (12, 'Eziechiele', 'Trevallion', 425, 731, 2);
insert into Customers (customerId, first_name, last_name, accumulatedPoints, usedPoints, beginMonth) values (13, 'Jasen', 'Schimon', 410, 314, 11);
insert into Customers (customerId, first_name, last_name, accumulatedPoints, usedPoints, beginMonth) values (14, 'Gabbey', 'Dury', 587, 776, 5);
insert into Customers (customerId, first_name, last_name, accumulatedPoints, usedPoints, beginMonth) values (15, 'Lilian', 'McAdam', 288, 793, 1);
insert into Customers (customerId, first_name, last_name, accumulatedPoints, usedPoints, beginMonth) values (16, 'Cyrus', 'Scherer', 901, 317, 11);
insert into Customers (customerId, first_name, last_name, accumulatedPoints, usedPoints, beginMonth) values (17, 'Leland', 'Juszczak', 927, 512, 6);
insert into Customers (customerId, first_name, last_name, accumulatedPoints, usedPoints, beginMonth) values (18, 'Trever', 'Meadmore', 310, 361, 4);
insert into Customers (customerId, first_name, last_name, accumulatedPoints, usedPoints, beginMonth) values (19, 'Dene', 'Milliere', 501, 995, 10);
insert into Customers (customerId, first_name, last_name, accumulatedPoints, usedPoints, beginMonth) values (20, 'Alaric', 'Gulc', 911, 55, 3);
insert into Customers (customerId, first_name, last_name, accumulatedPoints, usedPoints, beginMonth) values (21, 'Yevette', 'Lydford', 763, 207, 4);
insert into Customers (customerId, first_name, last_name, accumulatedPoints, usedPoints, beginMonth) values (22, 'Noak', 'Gumery', 870, 51, 3);
insert into Customers (customerId, first_name, last_name, accumulatedPoints, usedPoints, beginMonth) values (23, 'Welch', 'Draysay', 617, 646, 8);
insert into Customers (customerId, first_name, last_name, accumulatedPoints, usedPoints, beginMonth) values (24, 'Myrle', 'Kilalea', 472, 933, 12);
insert into Customers (customerId, first_name, last_name, accumulatedPoints, usedPoints, beginMonth) values (25, 'Martie', 'Lortzing', 476, 213, 8);
insert into Customers (customerId, first_name, last_name, accumulatedPoints, usedPoints, beginMonth) values (26, 'Cecil', 'Load', 989, 372, 8);
insert into Customers (customerId, first_name, last_name, accumulatedPoints, usedPoints, beginMonth) values (27, 'Ermanno', 'Kincaid', 891, 756, 5);
insert into Customers (customerId, first_name, last_name, accumulatedPoints, usedPoints, beginMonth) values (28, 'Fredelia', 'Buse', 636, 125, 8);
insert into Customers (customerId, first_name, last_name, accumulatedPoints, usedPoints, beginMonth) values (29, 'Andonis', 'Partrick', 284, 331, 1);
insert into Customers (customerId, first_name, last_name, accumulatedPoints, usedPoints, beginMonth) values (30, 'Moishe', 'Bray', 748, 436, 5);

insert into Restaurant (restaurantId, area, name, minSpendingAmt) values (1, 'North', 'Burgils');
insert into Restaurant (restaurantId, area, name, minSpendingAmt) values (2, 'North', 'Spago');
insert into Restaurant (restaurantId, area, name, minSpendingAmt) values (3, 'North', 'Maxican Grills', 10);
insert into Restaurant (restaurantId, area, name, minSpendingAmt) values (4, 'North', 'The Gourmet Kitchen', 10);
insert into Restaurant (restaurantId, area, name, minSpendingAmt) values (5, 'North', 'Pink Sugar', 10);
insert into Restaurant (restaurantId, area, name, minSpendingAmt) values (6, 'North', 'Lord Of Fries', 10);
insert into Restaurant (restaurantId, area, name, minSpendingAmt) values (7, 'North', 'Thai Me Up Restaurant', 10);
insert into Restaurant (restaurantId, area, name, minSpendingAmt) values (8, 'North', 'Pho Shizzle', 10);
insert into Restaurant (restaurantId, area, name, minSpendingAmt) values (9, 'North', 'Ninja Akasaka', 10);
insert into Restaurant (restaurantId, area, name, minSpendingAmt) values (10, 'South', 'Chill Out', 10);
insert into Restaurant (restaurantId, area, name, minSpendingAmt) values (11, 'South', 'The Lockhart', 10);
insert into Restaurant (restaurantId, area, name, minSpendingAmt) values (12, 'South', 'Garden of Eat', 10);
insert into Restaurant (restaurantId, area, name, minSpendingAmt) values (13, 'South', 'Pies n Tighs', 10);
insert into Restaurant (restaurantId, area, name, minSpendingAmt) values (14, 'South', 'Dough Doughnuts', 10);
insert into Restaurant (restaurantId, area, name, minSpendingAmt) values (15, 'South', 'Pita Pans', 10);
insert into Restaurant (restaurantId, area, name, minSpendingAmt) values (16, 'South', 'Pot Au Feu', 10);
insert into Restaurant (restaurantId, area, name, minSpendingAmt) values (17, 'South', 'Duke Seafood', 10);
insert into Restaurant (restaurantId, area, name, minSpendingAmt) values (18, 'South', 'The French Gourmet', 10);
insert into Restaurant (restaurantId, area, name, minSpendingAmt) values (19, 'East', 'Little Pleasures', 10);
insert into Restaurant (restaurantId, area, name, minSpendingAmt) values (20, 'East', 'Planet O The Crepes', 10);
insert into Restaurant (restaurantId, area, name, minSpendingAmt) values (21, 'East', 'The Daily Cut', 10);
insert into Restaurant (restaurantId, area, name, minSpendingAmt) values (22, 'East', 'Wish You Were Beer', 10);
insert into Restaurant (restaurantId, area, name, minSpendingAmt) values (23, 'East', 'Burger & Beer Joint', 10);
insert into Restaurant (restaurantId, area, name, minSpendingAmt) values (24, 'East', 'Daily Grill', 10);
insert into Restaurant (restaurantId, area, name, minSpendingAmt) values (25, 'East', 'Hot & Crusty', 10);
insert into Restaurant (restaurantId, area, name, minSpendingAmt) values (26, 'West', 'The Deck', 10);
insert into Restaurant (restaurantId, area, name, minSpendingAmt) values (27, 'West', 'Waterbar Restaurant', 10);
insert into Restaurant (restaurantId, area, name, minSpendingAmt) values (28, 'West', 'Brewed Awakening', 10);
insert into Restaurant (restaurantId, area, name, minSpendingAmt) values (29, 'West', 'Mamas Fish House', 10);
insert into Restaurant (restaurantId, area, name, minSpendingAmt) values (30, 'West', 'The Egg & Us', 10);
insert into Restaurant (restaurantId, area, name, minSpendingAmt) values (31, 'West', 'Excellent Experience', 15);
insert into Restaurant (restaurantId, area, name, minSpendingAmt) values (32, 'West', 'Dine Fine', 15);
insert into Restaurant (restaurantId, area, name, minSpendingAmt) values (33, 'West', 'Finest Dining', 15);
insert into Restaurant (restaurantId, area, name, minSpendingAmt) values (34, 'West', 'Dinner Club', 15);
insert into Restaurant (restaurantId, area, name, minSpendingAmt) values (35, 'West', 'Dine Dime', 15);
insert into Restaurant (restaurantId, area, name, minSpendingAmt) values (36, 'West', 'On The Dime Dining', 15);
insert into Restaurant (restaurantId, area, name, minSpendingAmt) values (37, 'West', 'Rocket Restaurant', 15);
insert into Restaurant (restaurantId, area, name, minSpendingAmt) values (38, 'West', 'ForkFull', 15);
insert into Restaurant (restaurantId, area, name, minSpendingAmt) values (39, 'West', 'Perfect Place', 15);
insert into Restaurant (restaurantId, area, name, minSpendingAmt) values (40, 'West', 'Kitchen Office', 15);
insert into Restaurant (restaurantId, area, name, minSpendingAmt) values (41, 'West', 'Dining Divas', 15);
insert into Restaurant (restaurantId, area, name, minSpendingAmt) values (42, 'West', 'Kitchen Corral', 15);
insert into Restaurant (restaurantId, area, name, minSpendingAmt) values (43, 'West', 'Before The Bistro', 15);
insert into Restaurant (restaurantId, area, name, minSpendingAmt) values (44, 'West', 'Food Formula', 15);
insert into Restaurant (restaurantId, area, name, minSpendingAmt) values (45, 'West', 'Dining Delight', 15);
insert into Restaurant (restaurantId, area, name, minSpendingAmt) values (46, 'West', 'Food Factory', 15);
insert into Restaurant (restaurantId, area, name, minSpendingAmt) values (47, 'West', 'Bites', 15);
insert into Restaurant (restaurantId, area, name, minSpendingAmt) values (48, 'West', 'Love Shacks Food', 15);
insert into Restaurant (restaurantId, area, name, minSpendingAmt) values (49, 'West', 'Bugers And Stuff', 15);
insert into Restaurant (restaurantId, area, name, minSpendingAmt) values (50, 'West', 'Food Galore', 15);
insert into Restaurant (restaurantId, area, name, minSpendingAmt) values (51, 'West', 'Crablegs Baby', 15);
insert into Restaurant (restaurantId, area, name, minSpendingAmt) values (52, 'West', 'Weheartfood', 15);
insert into Restaurant (restaurantId, area, name, minSpendingAmt) values (53, 'West', 'Bacon Babe Burgers', 15);
insert into Restaurant (restaurantId, area, name, minSpendingAmt) values (54, 'West', 'Chow Down', 15);
insert into Restaurant (restaurantId, area, name, minSpendingAmt) values (55, 'West', 'Kino Sushi', 15);
insert into Restaurant (restaurantId, area, name, minSpendingAmt) values (56, 'West', 'The Mushroomhead', 15);
insert into Restaurant (restaurantId, area, name, minSpendingAmt) values (57, 'West', 'Beerburgers', 15);
insert into Restaurant (restaurantId, area, name, minSpendingAmt) values (58, 'West', 'Vegans Come Here', 15);
insert into Restaurant (restaurantId, area, name, minSpendingAmt) values (59, 'West', 'Table Tops', 15);
insert into Restaurant (restaurantId, area, name, minSpendingAmt) values (60, 'West', 'Moonlight Eats', 15);
insert into Restaurant (restaurantId, area, name, minSpendingAmt) values (61, 'East', 'Hot Ones', 10);
insert into Restaurant (restaurantId, area, name, minSpendingAmt) values (62, 'East', 'Grit And Griddles', 10);
insert into Restaurant (restaurantId, area, name, minSpendingAmt) values (63, 'East', 'Midtown Goodies', 10);
insert into Restaurant (restaurantId, area, name, minSpendingAmt) values (64, 'East', 'SLoopy Eats', 10);
insert into Restaurant (restaurantId, area, name, minSpendingAmt) values (65, 'East', 'Breakfast Champs', 10);
insert into Restaurant (restaurantId, area, name, minSpendingAmt) values (66, 'East', 'Grub And Hud', 10);
insert into Restaurant (restaurantId, area, name, minSpendingAmt) values (67, 'East', 'Flame On', 10);
insert into Restaurant (restaurantId, area, name, minSpendingAmt) values (68, 'East', 'All The Lights', 10);
insert into Restaurant (restaurantId, area, name, minSpendingAmt) values (69, 'East', 'Full Belly Bellas', 10);
insert into Restaurant (restaurantId, area, name, minSpendingAmt) values (70, 'East', 'Snackpacks', 10);
insert into Restaurant (restaurantId, area, name, minSpendingAmt) values (71, 'East', 'Foodstuff', 10);
insert into Restaurant (restaurantId, area, name, minSpendingAmt) values (72, 'East', 'Bread And Butter', 10);
insert into Restaurant (restaurantId, area, name, minSpendingAmt) values (73, 'East', 'Boogiebites', 10);
insert into Restaurant (restaurantId, area, name, minSpendingAmt) values (74, 'East', 'Mess Hall', 10);
insert into Restaurant (restaurantId, area, name, minSpendingAmt) values (75, 'East', '5 Min Cafe', 10);
insert into Restaurant (restaurantId, area, name, minSpendingAmt) values (76, 'East', 'Jade Dragon', 10);
insert into Restaurant (restaurantId, area, name, minSpendingAmt) values (77, 'East', 'Sliver River', 10);
insert into Restaurant (restaurantId, area, name, minSpendingAmt) values (78, 'East', 'Foodland', 10);
insert into Restaurant (restaurantId, area, name, minSpendingAmt) values (79, 'East', 'Tasty Time', 10);
insert into Restaurant (restaurantId, area, name, minSpendingAmt) values (80, 'East', 'Tasty Things', 10);
insert into Restaurant (restaurantId, area, name, minSpendingAmt) values (81, 'East', 'Nine Seas', 10);
insert into Restaurant (restaurantId, area, name, minSpendingAmt) values (82, 'East', 'Five Oceans', 10);
insert into Restaurant (restaurantId, area, name, minSpendingAmt) values (83, 'East', 'Yellow Submarine', 10);
insert into Restaurant (restaurantId, area, name, minSpendingAmt) values (84, 'East', 'Good Food', 10);
insert into Restaurant (restaurantId, area, name, minSpendingAmt) values (85, 'South', 'Plane Grill');
insert into Restaurant (restaurantId, area, name, minSpendingAmt) values (86, 'South', 'BBQ Night');
insert into Restaurant (restaurantId, area, name, minSpendingAmt) values (87, 'South', 'Green Land');
insert into Restaurant (restaurantId, area, name, minSpendingAmt) values (88, 'South', 'Perfect Dish');
insert into Restaurant (restaurantId, area, name, minSpendingAmt) values (89, 'South', 'Your Cook');
insert into Restaurant (restaurantId, area, name, minSpendingAmt) values (90, 'South', 'Big Table');
insert into Restaurant (restaurantId, area, name, minSpendingAmt) values (91, 'South', 'That Restaurant');
insert into Restaurant (restaurantId, area, name, minSpendingAmt) values (92, 'South', 'American Pie');
insert into Restaurant (restaurantId, area, name, minSpendingAmt) values (93, 'South', 'Rock n Roll Cafe');
insert into Restaurant (restaurantId, area, name, minSpendingAmt) values (94, 'South', 'Coffee And Cake');
insert into Restaurant (restaurantId, area, name, minSpendingAmt) values (95, 'South', 'Spaghetti House');
insert into Restaurant (restaurantId, area, name, minSpendingAmt) values (96, 'South', 'Good Taste');
insert into Restaurant (restaurantId, area, name, minSpendingAmt) values (97, 'South', 'Breakfast House');
insert into Restaurant (restaurantId, area, name, minSpendingAmt) values (98, 'South', 'Yummy Yummy');
insert into Restaurant (restaurantId, area, name, minSpendingAmt) values (99, 'South', 'Food Villa');
insert into Restaurant (restaurantId, area, name, minSpendingAmt) values (100, 'South', 'Pie Up');
insert into Restaurant (restaurantId, area, name, minSpendingAmt) values (101, 'South', 'Daily Delight');
insert into Restaurant (restaurantId, area, name, minSpendingAmt) values (102, 'South', 'Mad Chicken');
insert into Restaurant (restaurantId, area, name, minSpendingAmt) values (103, 'South', 'The Corner House');
insert into Restaurant (restaurantId, area, name, minSpendingAmt) values (104, 'South', 'Food Town');
insert into Restaurant (restaurantId, area, name, minSpendingAmt) values (105, 'South', 'Bella Kitchen');
insert into Restaurant (restaurantId, area, name, minSpendingAmt) values (106, 'South', 'Feel Hungry?');
insert into Restaurant (restaurantId, area, name, minSpendingAmt) values (107, 'North', 'Food Connect', 5);
insert into Restaurant (restaurantId, area, name, minSpendingAmt) values (108, 'North', 'Hot Box', 5);
insert into Restaurant (restaurantId, area, name, minSpendingAmt) values (109, 'North', 'Morning Bliss', 5);
insert into Restaurant (restaurantId, area, name, minSpendingAmt) values (110, 'North', 'Food Addict', 5);
insert into Restaurant (restaurantId, area, name, minSpendingAmt) values (111, 'North', 'Hot Risotto', 5);
insert into Restaurant (restaurantId, area, name, minSpendingAmt) values (112, 'North', 'Cafe And Music', 5);
insert into Restaurant (restaurantId, area, name, minSpendingAmt) values (113, 'North', 'Delicious Bites', 5);
insert into Restaurant (restaurantId, area, name, minSpendingAmt) values (114, 'North', 'Chessy Bites', 5);
insert into Restaurant (restaurantId, area, name, minSpendingAmt) values (115, 'North', 'Gofoodie', 5);
insert into Restaurant (restaurantId, area, name, minSpendingAmt) values (116, 'North', 'Gem Cafe', 5);
insert into Restaurant (restaurantId, area, name, minSpendingAmt) values (117, 'North', 'The Dining Room', 5);
insert into Restaurant (restaurantId, area, name, minSpendingAmt) values (118, 'North', 'Crown Crest', 5);
insert into Restaurant (restaurantId, area, name, minSpendingAmt) values (119, 'North', 'Sunrise Cafe', 5);
insert into Restaurant (restaurantId, area, name, minSpendingAmt) values (120, 'North', 'Food Republic', 5);
insert into Restaurant (restaurantId, area, name, minSpendingAmt) values (121, 'North', 'Yoyo Restaurant', 5);
insert into Restaurant (restaurantId, area, name, minSpendingAmt) values (122, 'North', 'Tims Restaurant', 5);


insert into Promotions (promoId, startDate, endDate, discountPerc, discountAmt) values (1, '2020-04-01', '2020-04-10', 20, 0);
insert into Promotions (promoId, startDate, endDate, discountPerc, discountAmt) values (2, '2020-05-01', '2020-05-20', 25, 0);
insert into Promotions (promoId, startDate, endDate, discountPerc, discountAmt) values (3, '2020-05-21', '2020-05-31', 10, 0);
insert into Promotions (promoId, startDate, endDate, discountPerc, discountAmt) values (4, '2020-06-01', '2020-08-01', 5, 0);
insert into Promotions (promoId, startDate, endDate, discountPerc, discountAmt) values (5, '2020-08-02', '2020-08-31', 15, 0);
insert into Promotions (promoId, startDate, endDate, discountPerc, discountAmt) values (6, '2020-08-09', '2020-08-09', 30, 0);
insert into Promotions (promoId, startDate, endDate, discountPerc, discountAmt) values (7, '2020-09-01', '2020-09-15', 35, 0);
insert into Promotions (promoId, startDate, endDate, discountPerc, discountAmt) values (8, '2020-09-16', '2020-10-05', 3, 0);
insert into Promotions (promoId, startDate, endDate, discountPerc, discountAmt) values (9, '2020-10-25', '2020-10-25', 12, 0);
insert into Promotions (promoId, startDate, endDate, discountPerc, discountAmt) values (10, '2020-11-01', '2020-11-08', 2, 0);
insert into Promotions (promoId, startDate, endDate, discountPerc, discountAmt) values (11, '2020-12-25', '2020-12-25', 20, 0);
insert into Promotions (promoId, startDate, endDate, discountPerc, discountAmt) values (12, '2020-12-24', '2020-12-24', 15, 0);
insert into Promotions (promoId, startDate, endDate, discountPerc, discountAmt) values (13, '2021-01-01', '2021-01-01', 35, 0);
insert into Promotions (promoId, startDate, endDate, discountPerc, discountAmt) values (14, '2020-12-31', '2020-12-31', 30, 0);
insert into Promotions (promoId, startDate, endDate, discountPerc, discountAmt) values (15, '2021-01-01', '2020-01-31', 5, 0);
insert into Promotions (promoId, startDate, endDate, discountPerc, discountAmt) values (16, '2021-04-01', '2021-05-01', 0, 10);
insert into Promotions (promoId, startDate, endDate, discountPerc, discountAmt) values (17, '2021-05-20', '2021-05-31', 0, 12);
insert into Promotions (promoId, startDate, endDate, discountPerc, discountAmt) values (18, '2021-06-10', '2021-06-15', 0, 25);
insert into Promotions (promoId, startDate, endDate, discountPerc, discountAmt) values (19, '2021-07-05', '2020-07-10', 0, 30);
insert into Promotions (promoId, startDate, endDate, discountPerc, discountAmt) values (20, '2021-07-31', '2021-08-10', 0, 10);
insert into Promotions (promoId, startDate, endDate, discountPerc, discountAmt) values (21, '2021-09-01', '2021-09-10', 0, 15);
insert into Promotions (promoId, startDate, endDate, discountPerc, discountAmt) values (22, '2021-10-01', '2021-10-01', 0, 20);
insert into Promotions (promoId, startDate, endDate, discountPerc, discountAmt) values (23, '2021-10-22', '2021-10-25', 0, 5);
insert into Promotions (promoId, startDate, endDate, discountPerc, discountAmt) values (24, '2021-11-01', '2020-11-06', 0, 10);
insert into Promotions (promoId, startDate, endDate, discountPerc, discountAmt) values (25, '2021-03-01', '2021-04-01', 50, 0);
insert into Promotions (promoId, startDate, endDate, discountPerc, discountAmt) values (26, '2021-04-04', '2021-04-04', 25, 0);
insert into Promotions (promoId, startDate, endDate, discountPerc, discountAmt) values (27, '2021-12-22', '2021-12-25', 10, 0);
insert into Promotions (promoId, startDate, endDate, discountPerc, discountAmt) values (28, '2022-01-01', '2020-05-01', 25, 0);
insert into Promotions (promoId, startDate, endDate, discountPerc, discountAmt) values (29, '2022-05-31', '2020-06-01', 15, 0);
insert into Promotions (promoId, startDate, endDate, discountPerc, discountAmt) values (30, '2022-10-01', '2022-11-01', 20, 0);

insert into CreditCards (customerId, cardNumber) values (1, '5027-8511-0125-0172');
insert into CreditCards (customerId, cardNumber) values (2, '3060-0247-7129-9758');
insert into CreditCards (customerId, cardNumber) values (3, '5818-8235-6693-8956');
insert into CreditCards (customerId, cardNumber) values (4, '4777-1992-3468-6461');
insert into CreditCards (customerId, cardNumber) values (5, '1131-2567-7065-4352');
insert into CreditCards (customerId, cardNumber) values (6, '1454-5038-8196-0400');
insert into CreditCards (customerId, cardNumber) values (7, '8275-1032-2759-0323');
insert into CreditCards (customerId, cardNumber) values (8, '8052-4581-1721-8337');
insert into CreditCards (customerId, cardNumber) values (9, '3514-9514-4207-8204');
insert into CreditCards (customerId, cardNumber) values (10, '2050-8870-1428-2179');
insert into CreditCards (customerId, cardNumber) values (11, '5114-1403-6008-4263');
insert into CreditCards (customerId, cardNumber) values (12, '5618-5831-9278-9948');
insert into CreditCards (customerId, cardNumber) values (13, '8942-8000-6352-2751');
insert into CreditCards (customerId, cardNumber) values (14, '2265-4261-4239-4167');
insert into CreditCards (customerId, cardNumber) values (15, '3028-9245-7591-7563');
insert into CreditCards (customerId, cardNumber) values (16, '6356-1710-8106-8847');
insert into CreditCards (customerId, cardNumber) values (17, '1761-7305-3488-2350');
insert into CreditCards (customerId, cardNumber) values (18, '5731-5225-6848-2132');
insert into CreditCards (customerId, cardNumber) values (19, '3127-7224-5973-9494');
insert into CreditCards (customerId, cardNumber) values (20, '6782-3648-7057-2840');
insert into CreditCards (customerId, cardNumber) values (21, '2849-3203-3405-1466');
insert into CreditCards (customerId, cardNumber) values (22, '3599-8399-2110-2965');
insert into CreditCards (customerId, cardNumber) values (23, '4894-0946-1959-8201');
insert into CreditCards (customerId, cardNumber) values (24, '7920-5512-3567-9923');
insert into CreditCards (customerId, cardNumber) values (25, '1448-3093-6095-0219');
insert into CreditCards (customerId, cardNumber) values (26, '4789-5944-9866-1736');
insert into CreditCards (customerId, cardNumber) values (27, '2762-7612-3464-9878');
insert into CreditCards (customerId, cardNumber) values (28, '2734-5992-0004-7836');
insert into CreditCards (customerId, cardNumber) values (29, '9589-7147-6482-2157');
insert into CreditCards (customerId, cardNumber) values (30, '8396-7129-5984-5339');

insert into Shifts (shiftNum) values (1);
insert into Shifts (shiftNum) values (2);
insert into Shifts (shiftNum) values (3);
insert into Shifts (shiftNum) values (4);
